content_id,subject,sentiment_value,sentiment_word
XuPwKCnA2fqNh5vm,动力,0,一般
2jNbDn85goX3IuPE,价格,0,一般
hLgEADQ8sUnvGFK9,价格,0,一般
nZmM7LQsfr03wUaz,价格,0,一般
pwd8MnrthDqLZafe,价格,0,一般
cudSKGTyMLbIt8k3,价格,0,一般
U5RMQtopwFzDVxHm,价格,0,一般
Kh0ayJjuTrzwPAs1,价格,0,一般
YZovRtEAyQJgTi1I,价格,0,一般
BeSIAUzoTWH9muYl,动力,0,一般
SXYTBWg6FxuboMnd,动力,0,一般
RDgTmzW9xBfY6pGv,动力,0,一般
8cMwzsxkL4XtuDG1,动力,0,一般
MOUrvjDsIJpbw6dQ,动力,0,一般
t01PVoDSd9Lsy5HN,动力,0,一般
icMQmPJA9Sv0KGTw,动力,0,一般
VQkjM1657sIroCf3,动力,0,一般
1rGSYnOx9Fb2ULQX,动力,0,一般
SgNFp8ixQX1HA64y,动力,0,一般
sO6Ac1mThYBKyl4M,动力,0,一般
qIUiOxGdb0M4PQky,动力,0,一般
6GMYQa0Ag4o9nsZ2,动力,0,一般
6Ewe2kxO5msAg0yU,动力,0,一般
PMeBcRxizIaNmAC7,动力,0,一般
9x4gvon6TfN0KtqY,动力,0,一般
Er3x8Ks6mpQqeZO0,动力,0,一般
f5UhrHg6Zztl7VWj,价格,0,一般
fYtbApDWqzGmKX8F,动力,0,一般
YUWFxTOoZCkNzKcu,动力,0,一般
hNVSLDr06cMsgwfI,动力,0,一般
aV6A5z8pJRkKIC9r,动力,0,一般
E9SZbnzR2XW0QiLs,动力,0,一般
DXhAOZEsTBVWaSRH,动力,0,一般
6p8glZ2iewsInqK4,动力,0,一般
AWsymeHLSU1f38tT,动力,0,一般
l94kJgMBpYoODyzQ,动力,0,一般
bVeAzdpgX7tFDlPI,动力,0,一般
lQ0N8fd4On7TzcsD,动力,0,一般
jhmIcH6LTxkGVE19,动力,0,一般
68jBJULyWclT9Pir,动力,0,一般
7prF9LJoixSgPQvM,动力,0,一般
Q4lp0HBNfTD2xYAv,动力,0,一般
M3Hqx1Un8ygzFTtl,动力,0,一般
cIevXAM5FRp14Nni,动力,0,一般
8jCcfemUlPaQFx67,动力,0,一般
ZqEa9wGAXNCDRoph,动力,0,一般
SHbyJ2RM9oi4ZtdD,动力,0,一般
vNgGz3Kfj1qCe92E,动力,0,一般
9eqiWkfr8HNR0xPo,动力,0,一般
sAtwDdFoc06XgaW9,动力,0,一般
23EJ8RwY9PcotslQ,动力,0,一般
oKdBRimU38Gjc9PJ,动力,0,一般
zsADXh4cYeUjEKSP,动力,0,一般
Q2LaKeht0Vvo1Rn6,动力,0,一般
hszDKcUSek9dyP5o,动力,0,一般
Mb7fevclI1UmTzo3,动力,0,一般
rgv1ykaC29JoQlcu,动力,0,一般
EKI7PjFs81Lc52uS,动力,0,一般
5b2XhIBYPOCfMzcu,动力,0,一般
n2Fm18vbEDIa53ys,动力,0,一般
Mq4oVg68SWFBz9i5,动力,0,一般
7hHUfbrVKp1aAFmN,动力,0,一般
qvD82LNTpMdsAXIe,动力,0,一般
sKPpYiV2bXWEjTLc,动力,0,一般
KaM0rQpCE7yLYgH2,动力,0,一般
g1qaKmR09LUXcp8B,动力,0,一般
OKVCfRJ8X9BwxaTv,动力,0,一般
tcPLeKdDrkYG1394,动力,0,一般
siYq5vrJBQzkuZPy,动力,0,一般
aLs9AwhZ85vgiRbx,动力,0,一般
UneE7iqV6mW5HlgP,动力,0,一般
8P6E32xNmKAebnOs,动力,0,一般
j2vcEXIrmkH9qs1J,动力,0,一般
CshiU6A13rR9dbPS,动力,0,一般
6JZHOqne2YW01FVz,动力,0,一般
kFo7T8n6wXICfc3d,动力,0,一般
4nAlYpJof87Nj1F3,动力,0,一般
v6iprjTLdctoJW3b,动力,0,一般
RF9YTAlbQU5CagdN,动力,0,一般
DYhuU8SPpywX2eN9,动力,0,一般
Aml1h4xUJt5u6bQ9,动力,0,一般
hcWAJdmC9avz7MU1,动力,0,一般
9Jt0O5d3s6wz1lkf,动力,0,一般
ZgEVkuFc0QNqpsYG,动力,0,一般
QRw7ngTJ2A5CYBGW,动力,0,一般
06vPIQBqVNe2dl3f,动力,0,一般
p0FUwsNPYQKl1HSg,动力,0,一般
BDoeHPlCiNVXEvrg,价格,0,一般
ARIng69ZHsY7DCN1,动力,0,一般
zPg9hyoViI8JUYw6,动力,0,一般
cBMxouh5FEnz36DI,价格,0,一般
Q6aR7udCFz4U5jrI,动力,0,一般
y3Oa1dcwCjlBsRPM,动力,0,一般
6ALsOa4BdUbFfGr7,动力,0,一般
e04NZMmVT1qLJXIu,动力,0,一般
9Lkxm8NewpuUVG2T,动力,0,一般
SEFvD0TOQgnlJsWK,动力,0,一般
S1WzLCPqeIT8sMmZ,动力,0,一般
MSn1hW8XCsGTkpxY,动力,0,一般
AC9siSxTEzyKrlaZ,动力,0,一般
5rBkYEyl1IU0TVhC,动力,0,一般
WZmFIHJLqT3O1BVk,动力,0,一般
x6mbO2rHfU3hTej4,动力,0,一般
8Hdtp2WE6nMf93YP,动力,0,一般
ELck8IARbwdpgvri,价格,0,一般
HfSMToNXhrwY3mlk,动力,0,一般
rM6sP4AXpCfNc7xR,价格,0,一般
14dQnL9lxMYeksH3,动力,0,一般
vdWmiISbRku1Cl3J,价格,0,一般
41UzNi5pMPDG7nhf,动力,0,一般
NAC6vpWtqaTQYXD8,动力,0,一般
HAVTYESJNfjlZ9iM,动力,0,一般
42VhMRSsCcn85kEd,动力,0,一般
Wf9T283SZphL6tQ4,动力,0,一般
D2HpBfqwoecTkhdS,动力,0,一般
NT3qf2R5XrGonlgk,动力,0,一般
dm1W2BIEyJ0Gsxp8,动力,0,一般
Mglj9pKWkY7Isixm,动力,0,一般
otT6DmhdEpx5Q74R,动力,0,一般
SclmZXYIUoBv478b,动力,0,一般
BZ4Ig9Gr7zQPM6Xt,动力,0,一般
FLxPweOVGBTmnoQE,动力,0,一般
H903fh4mU1dtQTiZ,动力,0,一般
g27EQ5F4bMjSp9qc,价格,0,一般
o9iwO8ChDBUTJ7YI,动力,0,一般
tka3Nq9TAR5BH7Ij,价格,0,一般
lswKvJMLT50iudoG,动力,0,一般
QG07en46S5qxWUud,动力,0,一般
u3gf4yJX5SNGmhIs,动力,0,一般
9firBmw7PNz0XQyE,动力,0,一般
bJ5L9HBuvqgPm3O2,动力,0,一般
HkGilbeypwMczdoQ,动力,0,一般
5jHabez9oxP4CY8O,动力,0,一般
eAfZWrs5b3UJP7Bl,动力,0,一般
ocOHDW3kGit6jpBm,动力,0,一般
xDOnv0fUogsFlkuC,动力,0,一般
gTd84yZ6R0VLaYSF,动力,0,一般
gsiR7FHy5YndmTXK,价格,0,一般
nhAC4mEYRazX9dJL,动力,0,一般
Mj9ZO61VWTefml7z,动力,0,一般
cdV1254iqHpAawt7,动力,0,一般
dRtVLIX4F60YvMbG,动力,0,一般
Na2ezFRWDrCGY571,动力,0,一般
s3U4wYnirNfeQ7o0,动力,0,一般
ZvSrjpV3oYxARtOq,动力,0,一般
j5dIzG0CvbFxlQgf,动力,0,一般
WXLA1peMJxl2RTQg,动力,0,一般
1YyTakcRLKS43CWs,动力,0,一般
N9CZ1kQdnrxPaqRs,动力,0,一般
zXPLFe5Sqvc06RuG,动力,0,一般
qpPHjUw7IMJNFSub,动力,0,一般
JlWDb4BCsTiN2Ie3,动力,0,一般
VocwTNU3JkR50mvI,动力,0,一般
O7j9h8MaymUvVAtT,价格,0,一般
wogvV9fYFN2uHxMa,动力,0,一般
S7uwyZiTsRWX6Nzh,动力,0,一般
CF781DrEqjJh5eHX,动力,0,一般
5TCU9c6I3esSFVx7,动力,0,一般
rsPHOp7WeK2uYgb6,价格,0,一般
N0MLJFXRIE3wVl9d,动力,0,一般
1WCAISQtuEdTZ7G5,动力,0,一般
KH853hdTJX2nWM71,动力,0,一般
a52KoCrScpnW8xlR,动力,0,一般
ikqn9SVU1dDFeYpb,动力,0,一般
EreqkWG8o357Htdh,价格,0,一般
UWDsRXma9t6FpxKo,价格,0,一般
oK8vTpZzAag7iCur,动力,0,一般
QqmEuP4l6sMTXASx,动力,0,一般
AdTjwHJso1K6Xcpa,动力,0,一般
qtW1wiyejr4zF3Hu,动力,0,一般
m6XbwZQn9D8hqOf3,动力,0,一般
gaoKxMwZOX7TQSbY,动力,0,一般
4PUWD5HkGZFdcYr6,动力,0,一般
j5dpvDJ80YWPSew3,动力,0,一般
4SDY29tXIivB6VLZ,动力,0,一般
x4fpOqR6sUiClheE,动力,0,一般
H6CfVzu4mLq0JkR7,动力,0,一般
jMWAIfyUN3sqTovd,价格,0,一般
tDN57PGxglB8WOdH,动力,0,一般
ZbGpiu1Q9vEkHaVJ,价格,0,一般
q8mnYHr6vAKoTOx9,动力,0,一般
W8dF6ujP3KemG7ac,动力,0,一般
vF1hy5Ple8XGEOVb,动力,0,一般
97fvXxIlWCbBYULt,动力,0,一般
guCoQmIawZqz374R,动力,0,一般
akAurTlP2oUxnzyv,动力,0,一般
8oeBjF7TwlPyLvcY,动力,0,一般
JDwFsuZQMy5mVRzp,动力,0,一般
TMYuydGFgJOWSsLx,动力,0,一般
yQhSYbRB7gu3Pma6,动力,0,一般
xQbOMh3lHYJNAWsv,动力,0,一般
bX2DFsLOUIMxQzCB,动力,0,一般
sdAoJBha65SUxfWM,动力,0,一般
dm6eXoIg9Df0nFaV,动力,0,一般
qopu4EsiAz9KU7MC,动力,0,一般
VuQntJTzsOL1ao0W,动力,0,一般
3GtNOfDcna4Mzk5i,动力,0,一般
T40PlF3fkStJdIx9,价格,0,一般
3s9NFKhCQk70Ti2E,动力,0,一般
aKoINhXEle3QS6zy,动力,0,一般
RjTnb0AcmBiaP2ky,动力,0,一般
p8SCmcxyB1aeOTYG,价格,0,一般
uPCDeFYmpcfRz1tQ,动力,0,一般
lkJziVEyecn7d5gh,动力,0,一般
xXQtrRW7UOwPCbEi,动力,0,一般
Dj6R3K2iLuEtUnWG,动力,0,一般
SOY2TGwFQi8Etknh,动力,0,一般
6x4Is30vB1laSHoN,动力,0,一般
ZAx5w2LSbkGdRMFQ,动力,0,一般
Z1kNWAOM9rYol0Ve,动力,0,一般
V3xslWKOyv9ILquX,动力,0,一般
7duqegOxLs2Vo8XW,动力,0,一般
Krp3Gzk2aNhHJ6R7,动力,0,一般
gnpKm9FPl4Y3OL8h,动力,0,一般
axPES1MA7I8BlcvO,动力,0,一般
qrM0TVRhAm18Q6uO,动力,0,一般
PXdW23e95gLOhBaf,动力,0,一般
TBy1z62utW8GcvIs,动力,0,一般
HWDQF5VOam2NR6rX,动力,0,一般
heEaPY3Z1upcSxyt,动力,0,一般
BgJk730pyovPubIr,动力,0,一般
sJlZXtVAdKeq0gha,价格,0,一般
bHtilDz4Yf8v7TmS,动力,0,一般
tpl0FmwfHdM13qZK,动力,0,一般
6oPvUG1VLyzSKxOM,动力,0,一般
YUG1zybnqjSDmZkJ,动力,0,一般
USrqtIMjsYzeRi4W,动力,0,一般
fwr9qOUYsxJK0ACm,动力,0,一般
Ht7R0SnZMEV1eD6Q,动力,0,一般
5uj6bGWhXVE2aceA,动力,0,一般
XfUjb9C4gzecudla,动力,0,一般
xsReYtP7VfJjdhSF,动力,0,一般
tHWyUYRxdGbqf753,动力,0,一般
6kCpDM1SoTf0jJPE,动力,0,一般
goKCk8Rb1pX9WMHm,动力,0,一般
8ijAZKYdwx5BXeEz,动力,0,一般
e3okWLYKjs9G72AC,动力,0,一般
jITzq8OdwA31Htxk,动力,0,一般
t6UAah74Glob2D0V,动力,0,一般
CmpW4Xv207JquMt1,动力,0,一般
4wZWbHCFdfML9KuG,动力,0,一般
WovLRxkSqwECfc8X,动力,0,一般
oX1pJ3yMtIaOcNWA,动力,0,一般
s3itxIAdrfum9pcW,动力,0,一般
pZwnM9mjutIRUkXs,动力,0,一般
92br5tQejaEywGWP,动力,0,一般
j32vz0EsGwWqnPyX,价格,0,一般
auH2N6r5nbFAiIpd,动力,0,一般
ZwRt05lCQKhTJvP1,价格,0,一般
h1EMXCOJgZmAU6Pz,动力,0,一般
9f1boRZ3OC74gtX0,价格,0,一般
fqWAnpjt7x4uRYCX,价格,0,一般
SpPEa8nQWH6hlFNu,价格,0,一般
f62Gp0gW98REZAuw,动力,0,一般
GNa1PiTpkvQS7Brl,动力,0,一般
PQ4aUyTilNXxORcY,动力,0,一般
yNG3vwVFWsjkRIMg,动力,0,一般
L2XqxsdSn46Iluap,动力,0,一般
5JBfIwshEo6tUk7K,动力,0,一般
CmIWFZpKzrEfqDVw,动力,0,一般
ZAPEkuB72jnC45lO,动力,0,一般
7RN83mKkVYUHsT5l,动力,0,一般
1NiFvMeJH0mGW3DL,动力,0,一般
54tGhC6PrfmegIA1,动力,0,一般
QAIbFNTvKfR5WiyD,动力,0,一般
74gkpaVmG8F5UCoy,动力,0,一般
yYV0rn5D2fNUwmIx,动力,0,一般
NqFnG0WxBMp51tea,动力,0,一般
JSysamBMxUlE3w4d,动力,0,一般
XyZf0bjvpHk8OM9i,动力,0,一般
k41e9Px3UihCG0mp,动力,0,一般
SCZnbgBQITP40LoU,动力,0,一般
SMJC8lbAtwDmHQr9,动力,0,一般
ig1CYQufD2BrU3WO,动力,0,一般
qLpTto5K4MyNFBaZ,动力,0,一般
HkaSb1yPMxmniAOl,动力,0,一般
m6Y1uZiXQ0Stj9RH,动力,0,一般
EmMhBLe53vG2rsxn,动力,0,一般
C2izVwpOYvM9JjDt,动力,0,一般
Mb7Zz60NWyakEcQ4,动力,0,一般
HEORumQAIFNMzDd5,动力,0,一般
gpHn7KrjRx4Di3LG,动力,0,一般
7RWHqS9pfuaFsxM3,动力,0,一般
pgUqmf15zBdHi4Et,动力,0,一般
CkpXzGLZSt6YiRJ3,动力,0,一般
c24Lb3hwHmUN6xFu,动力,0,一般
PAZY0lb9LHWEVGfJ,动力,0,一般
hVKzEGBZYareFNQx,动力,0,一般
xipCKcrkQZHUS2W5,动力,0,一般
on3Flj4VIavWHbCX,动力,0,一般
pXEC2P7BzGYmUxiy,动力,0,一般
EWYyMFKH31x5GleP,动力,0,一般
uk17vcMZBn62Nhie,动力,0,一般
NQZHaLmIEezTJ4RM,动力,0,一般
co5nyPfVM90BZkDA,动力,0,一般
u9cyYrfEjDaT84UH,动力,0,一般
gJBbLW7NHT8iOnpx,动力,0,一般
jZRuDrH5O2XG16Ac,动力,0,一般
flA3kPNCHaVpheZo,动力,0,一般
Ktq3p75AxoNGWCwn,动力,0,一般
GsF02l9KgVvqJhn6,动力,0,一般
otQSEuPxej9lZnRI,动力,0,一般
nO5xei9AWYfENbR4,动力,0,一般
CLvyj8XoId23B9nH,动力,0,一般
tPHVDaFl6JZX3QOT,动力,0,一般
l4GZ17PmtNV925Ti,动力,0,一般
6GjoJk7wyDZVFQ3C,动力,0,一般
bnJs8fFTetghcwOu,动力,0,一般
oxfEewZ2OpLTQHCk,动力,0,一般
rMGqhFUk2caWpL07,动力,0,一般
4aUn8IJ1to3uCeT6,动力,0,一般
khucIwyDv2Jir5LF,动力,0,一般
3jSw0GWRJQ9BXoyt,动力,0,一般
9MZEmklAn4bBRHwc,动力,0,一般
A3fB0LW9sSgyZx8e,动力,0,一般
5vHgNbhRuU7IEK0W,动力,0,一般
0gTQCnKUoP9zv5mS,动力,0,一般
YdwaSTE8ltUiZHDM,动力,0,一般
ov2mM3EU7uH9A65Q,动力,0,一般
HwhtEmxKsTj1aCIP,动力,0,一般
h6TQ97vDpJG3kHoS,动力,0,一般
cVlv8HZPjB6m4y75,动力,0,一般
4WOkTuMarEPw5fo7,动力,0,一般
XcTm3FlvduPys08h,动力,0,一般
kjXVLom64WiMuQwK,动力,0,一般
e2ATqS3JlL7ob1zy,动力,0,一般
SodBsCOQX81g9npP,价格,0,一般
BcEzqdb6HlyGae17,价格,0,一般
nPKxqrigWs2zo3AB,动力,0,一般
oPmtKcq25v7i1WBL,动力,0,一般
BtKIWmdH0Zlk6jNX,动力,0,一般
DWCAvrcNBPwxZFpI,动力,0,一般
BxtTSEmRsLWMFvI5,动力,0,一般
cWPZhVkyJmlqIxpK,动力,0,一般
7CHjv8VgkXozbhEa,动力,0,一般
x3cetT4bV1iw5EDR,动力,0,一般
Evg7IudDBGn42btA,价格,0,一般
iqfN9xbm4kestrQn,价格,0,一般
oWMCgrBjRVFU0mKN,动力,0,一般
gC1Viv9aXJSpjnRU,价格,0,一般
esnKxNyH6YRCvplI,动力,0,一般
XJRznHOEuCaLZ3Vy,动力,0,一般
NvQXnEqaGgiZcRzh,动力,0,一般
RP7kyNVaSbjedXzn,动力,0,一般
2P7XFg6CqrktpmTo,动力,0,一般
RBY2ermiwKvUZu3J,动力,0,一般
bxH8MZCi09LpoRNQ,动力,0,一般
dbY6SqBE9UiItGka,动力,0,一般
GSkEx7rjYUKCvPB0,动力,0,一般
2mpYHKbezMT4aRD1,价格,0,一般
zQ9gsJmFyPX64YMA,动力,0,一般
9dEcZPq2Vb0rfupR,动力,0,一般
kP3rhzZJTtsldbUR,价格,0,一般
aR76ShpmzdBZiFt9,动力,0,一般
gEiv0n4qTj1MPUuF,价格,0,一般
5lFRLkuUODQ6wJES,动力,0,一般
JgOyYlvReIxEoCGU,动力,0,一般
vZJH7btSIYN6jkXC,价格,0,一般
FjfwQc9OmzDuVA0p,动力,0,一般
NvnHL1P70qZxFfbr,动力,0,一般
PIa7mWRdnD4Y1SAt,动力,0,一般
JUISr7g514Y8VEoj,价格,0,一般
yC3afKYxGScuBvmE,动力,0,一般
23dl14boAyWkLuOr,动力,0,一般
wutzFdCyRmBVZUPf,动力,0,一般
nEV4Xq8QmFIWDsSf,价格,0,一般
XdaQmi2cAYqHENIx,动力,0,一般
sa0dj6BixK8QJOpb,动力,0,一般
plOukMgewSH5dDXU,动力,0,一般
C3XZHxoPsjNYBdun,动力,0,一般
zDwITtMRVu10sqey,动力,0,一般
wpEQ0ZFLoJtVBiN5,动力,0,一般
tNGBT56AL3kcJy1g,动力,0,一般
HmYrcn0IFNevJ7kK,动力,0,一般
juCpqT3UcFW1o06G,动力,0,一般
qi9FRgkn70yJhV8d,价格,0,一般
NjgqTBvlH68mWId2,动力,0,一般
FnxNHYEG7VKrLpjO,价格,0,一般
FolwpA0yfQLrZEiH,动力,0,一般
C0iG5Nud48OmX2Pk,价格,0,一般
DamKXCFiZHT37BGO,动力,0,一般
RjfU4HnaO0KSzlpC,价格,0,一般
E3NbgOkJ9tlinSDp,动力,0,一般
C1jK43ImNPsUTYuf,动力,0,一般
m4Ps7aIlUHdNQ96D,价格,0,一般
WaPyGLwQE0izcMd1,价格,0,一般
uHMWwOS43IQ0fK96,动力,0,一般
FHdO4pZhf95D8bzi,价格,0,一般
T6UWGk0OZmbgE9xL,动力,0,一般
gn3HYMKi4GkDQT0U,动力,0,一般
QLfuikY4NcvKZjW6,动力,0,一般
9OS84ZmRFWL6nu17,价格,0,一般
pgfSJHQPcouasvLX,动力,0,一般
i8yeJ1PhSDWQntf6,动力,0,一般
u6GAPLMJ0Z17jpcK,动力,0,一般
iPvq0uXhLj4zp6V1,动力,0,一般
6veUACrcbaDWgSPq,动力,0,一般
wIhbC0s3jmGKW8at,动力,0,一般
2WAtqCpk3EHsYNLG,动力,0,一般
qSoKXCQmPf6v3aEA,动力,0,一般
FZmN0vrUKYuVsDtl,动力,0,一般
LaG0oqHdbXiuc567,动力,0,一般
CTatqAVoBvLW4GbM,动力,0,一般
Lxkirv1mpWqPR4SD,动力,0,一般
Ia2LrtOkdXybueES,动力,0,一般
MvTeRyIP3bDq89Za,动力,0,一般
ECRjsnbiIY74PpDO,价格,0,一般
5vIQZ276cW9nhlUs,动力,0,一般
AzyW4NBUETH7vbgP,动力,0,一般
YzigLBmP9naDrOkd,动力,0,一般
MLKIN0SUHq5v8zYW,动力,0,一般
gt9voj04c3eQlOHs,动力,0,一般
wDxEtaUH3zLoPAI2,动力,0,一般
OBd3i7fxTRQSL81h,价格,0,一般
cD9s48BbWiwykgU3,价格,0,一般
4IONEgTitCLGye9Z,价格,0,一般
OSwysxEp1KTU4ZGV,动力,0,一般
KY8LH4SCnWqD5d7j,动力,0,一般
meNdXs32PROBrfkH,动力,0,一般
k05bFn6OEedjq9vH,动力,0,一般
YUkilVqunSyWdFAJ,动力,0,一般
nmldu0FiyIZS9Tj3,动力,0,一般
Evce8rR6PZIXdsyF,动力,0,一般
JQacu8hBCoZjdsPX,动力,0,一般
o5G7A3ZwMImPHbnL,动力,0,一般
xjSBDmyXaifbcCKA,价格,0,一般
WL6HsMEi3kNXjbwQ,价格,0,一般
6hfTwBpMCeHUqbux,动力,0,一般
dXJM8HgpAFsGOnWU,动力,0,一般
87qamroLVRjO2T5B,动力,0,一般
Yry8UHfBKa0jsEJD,价格,0,一般
FVsOCzBcxbwJh2T8,价格,0,一般
mjA8z56SRBw1nhp7,动力,0,一般
aERCNQcw9WPjtSTb,动力,0,一般
zOgYypuoj3DnHqdK,动力,0,一般
7el5K1ChiVGLaDyJ,动力,0,一般
kb4dKYRZEAnFToIQ,动力,0,一般
iVy9LYUc8HeQ0sdF,价格,0,一般
UAecLQb5yPFEoSuj,价格,0,一般
yYc8UX9WwPen0FbI,动力,0,一般
6BaeLJtDuKXYQgb7,动力,0,一般
wB1jPZH8753R4lJk,价格,0,一般
p9uHKcz3FYlBmieC,动力,0,一般
fRC3VjrYoL2OFZNz,动力,0,一般
X7lts6RbF4eO2LhN,价格,0,一般
3W9IVfP4BuTlv6Fa,动力,0,一般
gAvGSLtTWClK360I,动力,0,一般
FXbmRq815WQnuSeO,动力,0,一般
lT1uLWgaswAOUjdk,动力,0,一般
JuzNxctnG7QbFKso,动力,0,一般
m6FcX2ICDUNGRqnw,动力,0,一般
9IGP8J5XtxWnjBlo,动力,0,一般
Sv7PqgH5IRpQst3W,价格,0,一般
bEKPlxQCA4pcwHNU,动力,0,一般
KYyblSApEOBWR0eL,动力,0,一般
faUv4IeOMgAJD7NE,动力,0,一般
bj6H0Og3DuUkYyim,动力,0,一般
09hwsk7P5cvaVKXg,动力,0,一般
pLKVyHlB9n6Yr4XC,动力,0,一般
TZORfDtCeIb9KJwE,动力,0,一般
KAGgiNr3WmDIoyeJ,价格,0,一般
vD9VeG2iBSbuR4FY,动力,0,一般
lZdp0QNELeyfo8Di,动力,0,一般
FaoyPdLRkElUgb15,动力,0,一般
KEOIiakFoBJr2dRp,动力,0,一般
6e4AszdSm1Bwy5MV,动力,0,一般
mebpq27hozx0Hv4a,价格,0,一般
6yzHFPa2VT09plQj,动力,0,一般
KvLw6eoZ4FjzdYIN,动力,0,一般
O9lkmGTDUgPqoF4i,动力,0,一般
sentDHB4yQAGR5qd,动力,0,一般
9v7qXWnwuIgKDBER,动力,0,一般
b6KteS4iBquJc0FW,动力,0,一般
Uin59f1Ar6ELcmZu,动力,0,一般
MR0mcoHQrWXFqJAU,动力,0,一般
QvF7YN3B0UdfjpLT,动力,0,一般
w587hbgUGyIAJCcF,动力,0,一般
UPKih1JczNOf3YdR,动力,0,一般
qRO9TKYzdVfuFtvw,动力,0,一般
XVWc7EHDPM3BNhqi,动力,0,一般
pXrRtj4S6EHLeuGJ,价格,0,一般
OoMbuNVpZ6IUhXLC,动力,0,一般
nu5x4Ke1zQvAWrLw,动力,0,一般
9ldhWyQnDV3Bpr4J,动力,0,一般
g0fZRwv1tWXLloUr,动力,0,一般
g3b9aYo1wISymRn8,动力,0,一般
SDzAtskNR2rebiu3,动力,0,一般
IdusAw5VFOpLztJ4,动力,0,一般
LAxDmybokc5IijXh,动力,0,一般
EDjrVy06wW1QKsCn,动力,0,一般
OxIomfCngcuTyaEG,动力,0,一般
z8GLtQDSY7ewo2Rx,价格,0,一般
zfY1mTl6IdCeN5oW,动力,0,一般
Ws8FLlqgJdvjmpkf,动力,0,一般
qprZFwPWEnxV7mUQ,动力,0,一般
CYXkDtqioJyxbGHZ,动力,0,一般
yYz7M2WaHrZgXhuc,价格,0,一般
IoC4kMGmBzZLvabl,动力,0,一般
qNCMRgG1xvrysUTL,动力,0,一般
gCVavlsY0mF25dzR,价格,0,一般
GflobpT9ijXwOdUe,动力,0,一般
cSMj9dkghvyolA8E,动力,0,一般
ZXJDu2QoKyFcantL,价格,0,一般
1BwODEj0vsXiWGTP,动力,0,一般
usM75JBUIWXqh81Z,动力,0,一般
ansHJQfY3d9RANEc,动力,0,一般
5ORFufGL1gJqPXcb,动力,0,一般
uj70WQBqvYT6wo9R,动力,0,一般
BnYHIo1OSfQNDwKE,动力,0,一般
WmHgCXdOIslED5NQ,价格,0,一般
rIka0x2W9MlpPw6V,动力,0,一般
BNtFyKUzcO4P9SVe,动力,0,一般
H2isRZMPX9C5bxkF,动力,0,一般
ELdjWvrgNzpR5shX,动力,0,一般
DSPzKeLH0uhMtqbj,动力,0,一般
kH1Uj3GozYiqpt2E,动力,0,一般
drjKsNTnk4mWUP8t,动力,0,一般
iqkfESIHX5hjN1B0,价格,0,一般
7fe5siYPBWZADda8,动力,0,一般
f6as9xEbvIQi75WS,动力,0,一般
21BHMtZ3lbmzvYWI,动力,0,一般
2vSQnRuZdGO1MFUi,价格,0,一般
utZCnePpvXOERx5L,价格,0,一般
J604wB2pgGfuDicQ,动力,0,一般
vgkYQtw06TsAENDU,动力,0,一般
7OBdlZ6YKp95SVGH,动力,0,一般
Qykdt2N3oGAhrgOb,动力,0,一般
DV9qcNmIg8O1vFHY,价格,0,一般
jBqdNvYz46f9SiUA,价格,0,一般
CiKS6BEcV9txNe8F,价格,0,一般
SNZAupTeyE8f3DOa,动力,0,一般
aWVobSZ95j2gydMQ,动力,0,一般
cXPlC8xS9NBoZmvI,动力,0,一般
HPR0bSL3CZhuXiNF,价格,0,一般
92GLtM6NPu0CQlbq,动力,0,一般
AdicesC0Y81JQSt5,动力,0,一般
d9Yo1whB5EkNLPJZ,动力,0,一般
u6Y8DSB7nZWlgJNv,价格,0,一般
TcW1r3peXbjy7mEd,价格,0,一般
jFysDmnNYI1RK9A5,动力,0,一般
uzHYh189ySlcvQtL,动力,0,一般
MdDwt4EsZpWoHKg7,动力,0,一般
t6nfBVjDOw9vxmqr,动力,0,一般
7vM2TIJH9Qbe5qcN,价格,0,一般
ElD4L916Kqu3foVT,动力,0,一般
H6rOgMiWeovFyYQD,动力,0,一般
X9tW1vklqjHU20yp,价格,0,一般
ZMD2lEGc1F5uvbKY,动力,0,一般
bvYTCJoyWRrFdIOe,动力,0,一般
M2CRIPTD9b5Gcmds,动力,0,一般
4E9Ahb80ecm1LMUQ,价格,0,一般
wDhOp9q0JeCAod2G,价格,0,一般
W67mPuqewJ9aMc5b,动力,0,一般
h8s3jBtw1NgiF6DI,动力,0,一般
nmVxt4Tyv9CJW7ag,动力,0,一般
1aYrZnCMKBoX3s4E,动力,0,一般
7ieCQ419O6jBvbWk,动力,0,一般
lMSvUoJmbs5aOAr4,动力,0,一般
bV7YdEhL4BQaCprz,动力,0,一般
BevXWnqDitsjJQhY,动力,0,一般
8tWqrNif2d1vn3yc,动力,0,一般
jH26yO7biuw3Vgk4,动力,0,一般
fJdn62OWukaoe4mM,动力,0,一般
W2LdbRay0vZTi5Pz,动力,0,一般
oLOFZx6IuyH9CAEB,动力,0,一般
S9nuf83qIRJ0C16c,价格,0,一般
Kj9XGruNPEwWDRiT,动力,0,一般
X5fKCPbQla9MGyO6,动力,0,一般
LzMP3x6NiRIhn1J4,动力,0,一般
qjNEdkwbV26fczBn,动力,0,一般
EFGwePH45xyBWUcb,动力,0,一般
Bf2kUCiYsx8zVuKZ,价格,0,一般
zCKD3i8kc2svrQSW,动力,0,一般
UbCTsEBa7D4loFLf,动力,0,一般
96lEufPqmH10BpoO,动力,0,一般
UuaVhwncR36Aoqkd,动力,0,一般
pQmLUbXGln3RJjxE,动力,0,一般
lByQnzOS3A7f0ZPu,动力,0,一般
Qs2XdNyZezG5qDm0,动力,0,一般
oAMV9ZCFlh5IizHD,动力,0,一般
cKxH2Pd8M3JQD7ja,动力,0,一般
fVTD5JUWYQe3R2w9,动力,0,一般
TF1dEg2cpsnyC9N8,价格,0,一般
yiRPIe8JqXH2opuB,动力,0,一般
7Trbp0cZ4wfnJdxj,动力,0,一般
ypgtWM4Ks3ZR2BdN,动力,0,一般
BC5xyqD04oWeYRbl,动力,0,一般
pJUOMHKviuEI4bSG,动力,0,一般
5cq2rLbojOuFiMZS,动力,0,一般
RCEkxf7X04bpOIwa,动力,0,一般
tfIs4yCeYoFlBP3K,动力,0,一般
7n31fAPQvzuZDE9q,动力,0,一般
UPAlpjdvTWcIXMVt,动力,0,一般
CzcmFPdZspvxhn15,动力,0,一般
4NjVBL3t7FWqgPJX,动力,0,一般
K1T0Cn5cNdOzEbpm,动力,0,一般
iW9kR0Uf7h1ENxKa,动力,0,一般
dVpfHBG9yDblOAE4,动力,0,一般
I5yzgdLlFQDfnRpC,价格,0,一般
X8JCHV1snwA9LpES,动力,0,一般
HsIpqzCDF5cA39PZ,动力,0,一般
QstBTHJ6o7UXY9vy,价格,0,一般
rjDtVbpdoYgfmnTQ,动力,0,一般
nZ56RpHemMzEYCVd,价格,0,一般
zalAOVtiG1Upe8Jk,动力,0,一般
8SLQhgEHsDZiY0G3,动力,0,一般
JcbGvKkp0oIltRCA,动力,0,一般
tKvrRDxVkGFci1WC,动力,0,一般
Qi3VU1KWJEP8egYC,价格,0,一般
r4ph3Ad7ukP8nJRT,动力,0,一般
9yHswJVzLYWBv7DF,动力,0,一般
jlJM5YCSrXygxOpD,动力,0,一般
rbjBk0wUl2FKa4hi,动力,0,一般
hS3dVHQLOcKrPkBy,动力,0,一般
eFzO9ogbIJZ3EwYR,动力,0,一般
Jz6Vt38OHGymb9M2,动力,0,一般
VqT6oaI7dRkEsvJh,动力,0,一般
qy54altSUH6NnjzI,动力,0,一般
uQRGFCrTxONUekwd,动力,0,一般
xbHDrupSlPEoGLQ1,动力,0,一般
L9tO1jeGMzmZUx0J,动力,0,一般
gyXcsSC2eHJ0GdTo,动力,0,一般
UzlawP67YSAO1HWD,动力,0,一般
JQ6CTFYDoSihxXWr,动力,0,一般
LdSU9FJKYkja2pwn,动力,0,一般
rC9gjVLbJeKUt8Zv,动力,0,一般
hTmRLDS3H610WEGJ,动力,0,一般
LobyXDu3GfzvTO6i,动力,0,一般
Sow4k2ylRDgvFm3f,价格,0,一般
dTsLzOxYeA8yNCBh,价格,0,一般
Zz9IUVhrQgJqeGv7,动力,0,一般
YSeEn5CvJ1FkgoQh,动力,0,一般
ZVTLb5YBRHwAs4qh,动力,0,一般
6jce4mRanQMGoE9b,动力,0,一般
dEQ2H6yVaAh7P5j8,动力,0,一般
eiR0Iy3lLo8JEYgd,动力,0,一般
S1hHF3MijXWIbzwt,动力,0,一般
6i0Rzsv4pVEHkXM9,价格,0,一般
VJuCFZrUz5RapBgX,动力,0,一般
XKjTBw5OP89DQLvF,动力,0,一般
hScziZFfO71Gb02l,动力,0,一般
KYaEbkqyUBA4Dtou,动力,0,一般
wGXiACrD3ymLkBR0,动力,0,一般
6OdjnoPyKUQaDv31,价格,0,一般
xfLZk8MAbU6OQYVp,动力,0,一般
f0nyPXhJAbr3ZxVD,动力,0,一般
Wguopj3ZQzSH6Bx9,动力,0,一般
EYSxnr1eUpbQwLuA,动力,0,一般
7ADnOoqHVgKSbLuR,动力,0,一般
1yjVZfueAY5JPlhK,动力,0,一般
SVDsGBzTyR7geUJZ,动力,0,一般
i24bgYQmtysxEKz9,动力,0,一般
uNQz1OtKm2qviDR6,动力,0,一般
Gi3vb2Ha0zCoTk75,动力,0,一般
kvluCRfjq3GIhLaH,动力,0,一般
QPt1bTO5yKpD8Hx6,动力,0,一般
Z0SpD3Pvtoj6x1le,动力,0,一般
KsAywUF0QmbhYG7j,动力,0,一般
bEf1ZICFYTW97Lr6,动力,0,一般
IUOaATJujgxtLpsw,动力,0,一般
ocn2sERkmjqQXu4a,动力,0,一般
SrzCwMmb23Uf7PKg,动力,0,一般
PSZohVxMmTkD821t,动力,0,一般
QKl2ZEa7RoO1D5gx,动力,0,一般
MdWhZP1Uj4xYNL5b,动力,0,一般
2u0Jcw8TEns6KlQp,动力,0,一般
uziQ92KcdPaOLAjw,动力,0,一般
UR7s1tVcHXWNTZhy,动力,0,一般
PkoMaELQGUmgFwT4,动力,0,一般
aExKDj9fJ3uMWRAh,动力,0,一般
mvkRl7asobxzLMyG,动力,0,一般
OP3A1vDpTWIV4QR5,动力,0,一般
fl2Goc9ZTbimrqgY,动力,0,一般
TfQUE3IXugtVsHFN,动力,0,一般
SNJBxVqDgp9vAKTr,价格,0,一般
sgIYzSvnFhjBVPmN,动力,0,一般
qRL2WfeDsHiExTJV,动力,0,一般
EZmH5rdOcFoyK2UG,动力,0,一般
ilVBrAke3EZMUyPt,动力,0,一般
R9X0n8kExU7IDWC4,动力,0,一般
WxEeKpSHrmBI7Clj,动力,0,一般
JeE3SgAtsuXwRzW8,动力,0,一般
snz2FbtveQmiBkSw,动力,0,一般
rYhGEQicpHP8tZj2,动力,0,一般
znAvgJaTW4M0BfmG,动力,0,一般
D925FbmgOYIfyoAv,动力,0,一般
YmJvLaRo2IEViHA9,动力,0,一般
4yL7D9NefqodO8FB,动力,0,一般
J0bUnY4IPvZ1oaCt,动力,0,一般
p2DgM5uoHAT9XPki,动力,0,一般
aU5RcOCxXFNZ3tvJ,动力,0,一般
zlWsZHG3KjfiUSDb,动力,0,一般
3Cw8jkALXivOMqfx,动力,0,一般
wRzlYSopnT8tHMmP,动力,0,一般
T1UXBuIpaJxt2Rkh,动力,0,一般
UdaiYykEnSQ4txcL,动力,0,一般
WYy2vQpGH3eAhtrz,动力,0,一般
9fqL8bdKWXJcThNu,动力,0,一般
4oye1CWiz3OBaKTl,动力,0,一般
lC9WBmsbinDwXrPe,动力,0,一般
QrHi1I9AM75BdZcu,动力,0,一般
f9xNeIHwOLTAls2W,动力,0,一般
gzYnU9GOx2B3TFla,价格,0,一般
s27vTZQLJUfh5mkA,价格,0,一般
iUbCNmvynucYRj5X,价格,0,一般
2UBZ7gjF0de9SRWc,价格,0,一般
BOd0oJ6g1hTnkKuL,动力,0,一般
RZmu9FkdT04Vpx85,动力,0,一般
CB8xX6FdUeSJia1c,动力,0,一般
JjiHAduZ3KN1vBmE,动力,0,一般
cSAgX960KizLGv1e,价格,0,一般
wKQIg3OYrmpie2nT,价格,0,一般
ldP5hcgTAKWfBbGJ,动力,0,一般
xUHl0LQJ9usiCwcV,动力,0,一般
B4xdCgYTVyvurDUj,动力,0,一般
ZltvGnA5m13WLTKg,动力,0,一般
3p07am26KFC89NBM,动力,0,一般
EXSrYLdzcQvjyT74,动力,0,一般
m9clDQRHJEe7BVjd,动力,0,一般
K5J3VMGmEbHty2ZN,动力,0,一般
4SNleaZoPbsivAJE,动力,0,一般
0lDiXVGqkezETMvb,动力,0,一般
H93sL4ngdmJGtARS,动力,0,一般
BnCoOXjLN9GAduti,动力,0,一般
4qUJbHaBIm5jXeuV,动力,0,一般
xBDNvMtL8ZQbg4IU,动力,0,一般
uA95avdpWL3YmUGf,动力,0,一般
NeHxKWiUoZbQD9rl,价格,0,一般
mxRIU03nkN7QSbKj,动力,0,一般
SW2KCuFyexEhYBVN,动力,0,一般
U3QFHRfOXGTYw8Im,动力,0,一般
tHD0xImBS5ZLh6nU,动力,0,一般
LC9Fk6UJfY2157va,动力,0,一般
4Gu5FCl1ypm3MYjh,价格,0,一般
8pJX65eRkD7rd9cW,动力,0,一般
kGBvJTFlncWIX10z,动力,0,一般
zORsTibanUPKqA7h,动力,0,一般
TmUA689Qhy3qnEVI,动力,0,一般
FATNSQnbGueDtVOf,动力,0,一般
xHGBLXJ46qubCzYA,动力,0,一般
zy2ZLBUmdKwXcE3x,动力,0,一般
nJlaY3rVAPydU597,动力,0,一般
he7O3saXxQzl8MqH,动力,0,一般
SDKT7uqyZBLV5cMt,价格,0,一般
UjvyLAzGgJIRDbla,动力,0,一般
b1UBLNhDWS7mQgJx,动力,0,一般
JoXT2sebKRifZnN5,动力,0,一般
gKNIduqReyQ5SlGA,动力,0,一般
td5LqgfD2sWUjPTY,价格,0,一般
msfUBPLAMIHYVkKZ,动力,0,一般
LkZGyAF8qdNfuQBt,动力,0,一般
rvsFY9xykTh4UR3P,动力,0,一般
iJj0sV7WDoPpxC3B,动力,0,一般
fxc5HJd6vlU2n3wV,动力,0,一般
PL4QzxNe8wsGYd2t,动力,0,一般
nX561cF9aYChtfsA,动力,0,一般
fjtVdyKrDesmcGv5,动力,0,一般
DcgBNjtiLyvfmbwT,动力,0,一般
hY4bE1WceJXvfxkM,动力,0,一般
bMZLdocNjy9zhtUV,动力,0,一般
HqdWmhoDNjFyMVBY,动力,0,一般
dc6lm3E98HUX1BqT,动力,0,一般
Z4z0htmdXfHnEub9,动力,0,一般
6vaKfrw5bUSeOdDX,动力,0,一般
we7MboXtYGQCuByK,动力,0,一般
IBnweMx4ygGZObjJ,动力,0,一般
fAjQZhGbsIdPxlN3,动力,0,一般
5sC9Gq4L713vcpWt,动力,0,一般
Y52oLvaXJ4NfTiHp,动力,0,一般
hkoHX79LspCBglwO,动力,0,一般
29zOhgdxb5Ry3irG,动力,0,一般
oEw5Vt6lpeX2Adg9,动力,0,一般
I5AGQL3jOYwUkbte,动力,0,一般
JZcztNaO7jxwLlYG,动力,0,一般
Jma4BfpWTSwk6x2U,动力,0,一般
zwP3YJrWTxNnv9F0,动力,0,一般
cYPmsrJMOa4nlDou,动力,0,一般
ZqIDRvrB8fwCNXu9,动力,0,一般
fDUYhMEs9wBW1o3L,动力,0,一般
kJ3zZl2fvH1sO5SQ,动力,0,一般
bdqIDluG5kZ8yB0E,动力,0,一般
hRdiWSO5TFyoEteD,动力,0,一般
trkwUxXBOTW8scKv,价格,0,一般
NYcdrFwQitb953fo,动力,0,一般
kXqR9l7vUaWsmrVT,动力,0,一般
MrigDFAYRsEfINkq,价格,0,一般
CtOKSDwIzyrehEci,动力,0,一般
YBVgolr0QpKSHtjM,动力,0,一般
3IXzVv7KpRC2tdQS,动力,0,一般
oUS5x2RH6YKb9rOZ,动力,0,一般
i8hcmETg5CBa02Sj,动力,0,一般
5USD0pfeCldLT79m,动力,0,一般
pt5BcYLVWrAXq0GO,动力,0,一般
uRXVYHAPQ2c6xMCO,动力,0,一般
056sXLUenx1pItMv,动力,0,一般
LlYeGpEUvji8yc67,动力,0,一般
3pjICsZE4KXyHYA8,价格,0,一般
7XMHcBdeo0nKRNrE,动力,0,一般
PRzBNSQ0WvlJXjcG,价格,0,一般
cRefvwSOFjd2pMCl,动力,0,一般
0VapY68qAvofEUgt,价格,0,一般
X3zZC0KfxVIMON5k,动力,0,一般
QHrK5zZkTX4wWude,动力,0,一般
WNhHv91fmt6OaSp5,动力,0,一般
Mgw1hyc7iC9AXGn5,动力,0,一般
0FhVawIBEuy3rkZt,动力,0,一般
kbBPiGVeguLMQn4c,动力,0,一般
EWSFin1l7JCw0yOb,动力,0,一般
KDk7SlN9q1BcFa2u,动力,0,一般
R6XfcNGFio7Sq9VA,动力,0,一般
4EUXhTtA5Il0DPGY,价格,0,一般
pwiRFTLHz7r5JNWu,价格,0,一般
SR6Q1IwTKUtVFb4p,动力,0,一般
QgBLtMbjoW5zqFwV,价格,0,一般
PlcNETm3FtzryiJf,动力,0,一般
N9h6FfCaZiQImWgE,动力,0,一般
BFObiKUfX40r7uka,动力,0,一般
KgHo2XNmz59SLbPI,动力,0,一般
BLpnDEK2MgYWqFhR,动力,0,一般
mfvyRCK1dM4qtHBo,动力,0,一般
S9bdvzojeuU1VILW,价格,0,一般
hcapYTBox42WsSZI,动力,0,一般
krfRF6zIw8uNjZhx,动力,0,一般
SlMeUu5ivcAJqVX0,动力,0,一般
MvwkAXbiFdxrq4U8,动力,0,一般
lIZrYjg4U7aBOzwx,动力,0,一般
NGyshKCTUfntF4E2,价格,0,一般
4Kd9bsYSFvMipwWy,动力,0,一般
9y47pHYWnBKmqSjb,动力,0,一般
0UFPpKZAuO58jTk1,动力,0,一般
DZLR0tNlrT1u4fjs,动力,0,一般
p8KlrEFaMN7kw49d,动力,0,一般
tI35NaPYw98BOrWi,动力,0,一般
OJAalMdiGVwc68Tk,动力,0,一般
SNAizMQGUJCYBntZ,动力,0,一般
7ie4ysZjXJ5VUDuM,动力,0,一般
oXH1rCKNQeuSzRaF,动力,0,一般
CIUjik9uDBxWScgt,动力,0,一般
Bdw4SNHzOleoPqWj,动力,0,一般
DHMPwZAtEV1mJXhT,动力,0,一般
v3S6zNeBut2g75KJ,动力,0,一般
o7xQ3LOfbgdekw2a,动力,0,一般
65t8T14jmI3BnKED,动力,0,一般
et5VZWzFxImKYRvj,动力,0,一般
VDXmqcPTKF7dtenW,动力,0,一般
10jN9LtICWPOEuhn,动力,0,一般
uyRJHd68iBMel7cD,动力,0,一般
XHMZeUz9uVfik7rA,动力,0,一般
E4F8RcQVtDWxpUiC,动力,0,一般
G1tPfoMLxbkemFuZ,动力,0,一般
Hki2n0YSZBA8hdpg,动力,0,一般
lZIUTWFehBJpPEkX,动力,0,一般
KgqCX6eQjJl3TmPL,动力,0,一般
DJtXGd9TIj7oHZhi,动力,0,一般
CGHU6PwzZKXduLVI,动力,0,一般
9BFHXUj4RpgNcY3r,动力,0,一般
hutUELR95IlV0v2i,动力,0,一般
ctUe4yWAIlrhO65L,动力,0,一般
svpaOCbPeKwWtxud,动力,0,一般
D5M0H8WsjaVqOKSl,动力,0,一般
aqUdpHDzb3NFy0m9,动力,0,一般
CvMqpTIEmWroJfd3,动力,0,一般
JXZdzFwTgAECRc2l,价格,0,一般
SQZWNRE3eVJkjPf7,价格,0,一般
2ie4Fb7PBfK8TH5Z,动力,0,一般
ORvSEao5Dd2JLYAl,动力,0,一般
kncumDHfKpPT8bAQ,动力,0,一般
2zF6AfHu5GoP0nSD,动力,0,一般
yWkSsMKfi7qExwbR,动力,0,一般
ElJts2TzVubrW8f1,动力,0,一般
3iJr9qLspWNb01ku,动力,0,一般
inNDaCQcu5W0xKSv,动力,0,一般
yuMwv8A4I7NPOcJD,价格,0,一般
jTa6KoI1ymA2HekJ,价格,0,一般
cJYGbOXIMWZxCw5U,价格,0,一般
QcaG9HgAwBmpuiZF,动力,0,一般
2vQZt3cUpPxq1aFb,动力,0,一般
geMLRpxqT4jAJC39,动力,0,一般
kfXRn2sNyMrh8m13,动力,0,一般
TaxO205pDtulHG9i,价格,0,一般
nlGLBRifpHU7KAFy,动力,0,一般
1QDHtwCLTPKxBFyV,动力,0,一般
O107RbQH8FIEdJC3,动力,0,一般
3dOu6RFEPH7UKp5w,价格,0,一般
suwj4c13B68RZ2gF,动力,0,一般
inktdcsu69TOaKQ7,动力,0,一般
u7BZNFiE0cKdojl9,动力,0,一般
kKxJLtQApVnogGl6,动力,0,一般
eRQatbCxdZyqILE3,动力,0,一般
b5aExqZsgelO2fvp,动力,0,一般
MviKfxQgL6NkUGjc,动力,0,一般
ktRpUxV2XhMAsT3m,动力,0,一般
k2yucZ7QgNDK5Xo1,动力,0,一般
6RcohtkEwFMg3Zx5,价格,0,一般
UswApGFgzucCfJ6S,动力,0,一般
ayLZMdpuOilGv6qF,价格,0,一般
G6spTavu8XbnNw41,动力,0,一般
fVaR2Yew87udU31W,动力,0,一般
xtAqpUcvazf6QDko,价格,0,一般
qB7YzNKymM4euFwL,动力,0,一般
yFujWkExlsQTwAYL,价格,0,一般
uj09ckHdrbI2gDXw,动力,0,一般
nCeg1Kv7p0wfGz26,动力,0,一般
ezdC0rVQ9ExoZ7OW,价格,0,一般
iQTYVo8k1nDWMUws,动力,0,一般
Nk2DL9OcyhegrEid,价格,0,一般
0dfh6vX5ZxrRSjqQ,动力,0,一般
PYnqkagN7J9lGbX4,动力,0,一般
ESe8uGVpthw2qvAI,动力,0,一般
m1BoNMzhsLte7EPY,动力,0,一般
HzOjPbDW7snFfC5E,动力,0,一般
bcSrvXnfwh9G1sCt,动力,0,一般
EpyZeTaIXzUkuoSO,动力,0,一般
FD2kElsTogNZSdrU,动力,0,一般
Fgmsjr4pDh0l85Wc,动力,0,一般
mKeRHCFLgZSha3c4,动力,0,一般
k5yBDivefCIcsEno,动力,0,一般
Ys5j6pztVPMN9dyr,动力,0,一般
xORtcHMv5gy4UWJB,动力,0,一般
rhD8GPSuysxOlYAa,动力,0,一般
j3ETD8hfvw6pmFot,动力,0,一般
3BKOx5DzMaQsi0RZ,动力,0,一般
vyUGsFeo1E3nmliL,动力,0,一般
GFqcbBlxWdEOZ98U,价格,0,一般
DtK5aQgf9OUnbHcd,动力,0,一般
6YOgDZisAcz4B8Kb,价格,0,一般
zsxQ34YguLhVKqWj,动力,0,一般
LWm1dies9EY6FAIk,动力,0,一般
cgSKMAwYqW4mj9LU,动力,0,一般
WJ3Vb5Cr4TEs6MDh,动力,0,一般
fn6JCwyV52ExNoAB,动力,0,一般
vZoQtfNTVcDkr1RY,动力,0,一般
jwxvW0p7E6XL81za,动力,0,一般
7ivMHN4DnQCTzWPa,动力,0,一般
QPw1FAiOeSdZ9RHB,动力,0,一般
CGBhSb7nQLsJqOv8,动力,0,一般
9F5LEfqRIaBmOok6,动力,0,一般
yKxYB9VuHscOGSAo,动力,0,一般
RfchnPL26rEYqU9d,价格,0,一般
Np8JIeV0kgx6yHjU,动力,0,一般
lusRDiW3pwaC1g6G,动力,0,一般
o4BK31rvGf6JuDZO,动力,0,一般
eEzqhWBtb4ZiPjyv,动力,0,一般
udoS4CNYz95EI3A2,动力,0,一般
JhjbDXaK5oAVzUwN,价格,0,一般
hQpxuaeL51if34Ss,价格,0,一般
daBn0zAJuh76YxEf,动力,0,一般
9Cc6IPenXxTmLAa1,动力,0,一般
AHW7mhYxMGg20oPK,动力,0,一般
fCygScVsndP3Zt15,动力,0,一般
cNQ96mvLJTPXU7qw,动力,0,一般
h6bvqfCNMaJ8p0QR,动力,0,一般
8HV3WIDK2JUZSbFC,动力,0,一般
flTo2WjaIkiuDqX8,动力,0,一般
przyuJL82c1GfBAv,价格,0,一般
YsgwXUIHZAQ0upVR,动力,0,一般
gMFNJCpZ5cGwH8Be,动力,0,一般
FS5OiPvMQdKnjEBT,动力,0,一般
SKFUxA7dVENw1ot8,价格,0,一般
YUqfX2IuADLJwv5i,动力,0,一般
Nn7xR5CtmZk3Bfuy,动力,0,一般
6uOk5U3st7ezNhbE,价格,0,一般
OnaeE0m3Ho4hPBG9,动力,0,一般
tEwq3kU6yNp4AHMj,价格,0,一般
lgWB1GQPU2LtCbIO,动力,0,一般
k3jfLWGU7ZvHeYgr,动力,0,一般
64RkNdunL9TrUSQy,价格,0,一般
6huJNeXjFqAyTPdQ,价格,0,一般
u6jDlYH20VN5APBv,动力,0,一般
u7B8htHDOLjzZAaQ,动力,0,一般
RQnhPEt8q0BOlS46,动力,0,一般
Xrxp7HuBg2v4qk9O,动力,0,一般
RhfXjuWbNzQPAmTx,动力,0,一般
AlFy7t9IK3diRgbS,动力,0,一般
WMXYuq5lbzLDwjAg,动力,0,一般
LO1jroyDJsquHRZ2,动力,0,一般
7b0pJw65YcICoUzZ,动力,0,一般
RY2xvl4Mi1Tcabj8,动力,0,一般
fGRenlp71ZDuACEY,动力,0,一般
G0aXfEIqVdRWvF9b,动力,0,一般
iL0eoJjRnWKlU4av,动力,0,一般
fzlgbMthU0dSijaQ,动力,0,一般
Uasb549NBtoYWOhl,动力,0,一般
06vJk25tLPqSAOp1,动力,0,一般
rX2s9SykZHTugQKM,动力,0,一般
1roZPfezp2xJIDGi,动力,0,一般
fhVnqx2uEd0iHgG8,动力,0,一般
ZW4GqhOlFucQopNK,动力,0,一般
WAoE4nJTKuZglvmG,动力,0,一般
k8rL1RFvXEVwINMH,动力,0,一般
bhmRrF9xA5vSXt12,动力,0,一般
jExKsDpTcQUOX1zt,动力,0,一般
9yrUegdiBfSz5LPc,动力,0,一般
uQInq3LADECzT24P,动力,0,一般
JNm6xy8tE0gZivVL,动力,0,一般
BDQtfKrop017dWn9,动力,0,一般
TC8ux1tecBnbEfW4,动力,0,一般
6RsAS4XJv9zxehOm,动力,0,一般
D5bSu7LOnQ4raJwE,动力,0,一般
0avxYXt4Ld2TDHVq,动力,0,一般
fE3mb7KTQvc1wFZC,动力,0,一般
MewSZoag5Q8OxIVn,动力,0,一般
w3smqIt0CP5yJzSQ,动力,0,一般
av18RgOi9q3zLJZB,动力,0,一般
ZMgQETI7HcXaJPnu,动力,0,一般
Rw5786gaXBCzGDNh,动力,0,一般
qcznsyljIK5gW13Z,动力,0,一般
aIKU6pSFbg0jElD4,动力,0,一般
U6Yb7JkXH4ud0prv,动力,0,一般
Ae9Bg7IqKYFuxJaR,动力,0,一般
f8BTX1hPxIEVuAZD,动力,0,一般
PXrktuZ4oGTNdlyQ,动力,0,一般
Sn7ZzRoBaTVw1r2G,动力,0,一般
MzjC01Ov4KgrVnwl,动力,0,一般
ZzE8HB7INmuFSyl2,动力,0,一般
2F5v8I3ZRdiSVOlM,动力,0,一般
18cJkHiGPZd5xlvX,动力,0,一般
wKWzETpquPZSohLj,动力,0,一般
UvXfePtpKwkRO1Jh,动力,0,一般
8EP1GuYimLchgF9X,动力,0,一般
vkDGIoJ8TZNdw1B4,动力,0,一般
6b1yQrFJhdi2aZso,价格,0,一般
Ba2VwQMKHtrxGzpm,动力,0,一般
km9lwKfsUGpFJnI1,动力,0,一般
kZIm8TSGPKgdCviX,动力,0,一般
3waoGs6DLeRjrxOB,动力,0,一般
bJIzTNc7Moiq8wp0,动力,0,一般
vkOJQm36qETLfI9n,动力,0,一般
riHy5UabPW0fMIAN,动力,0,一般
592wQPGZTWVgIei7,动力,0,一般
9d8lKywa3B0PfLM2,动力,0,一般
Pchj7VARe4gtmiOd,动力,0,一般
xRIfryc1MG3nJOqQ,动力,0,一般
RUEu2BIoVeTsdk1N,动力,0,一般
uz5LxtaHWjPh2cEi,动力,0,一般
EDo9aShzQUewruOP,动力,0,一般
epNDnEtSY8FlLdqR,动力,0,一般
yhWKJkC6RxTUtnYB,动力,0,一般
RD2Pd4wIn0gGCZHo,动力,0,一般
ByCalFw7j51e8ZTV,动力,0,一般
gto9WmBOENS3cXKs,动力,0,一般
7MN31h526WYAoHwL,动力,0,一般
el5cAQvjZEYiJ1Vb,动力,0,一般
LPRsZi3tWXrguSVb,动力,0,一般
LiayInCbKGNqjezh,动力,0,一般
Xtwd5mShPOoQClkK,动力,0,一般
vcnMRyBl89DjtUXo,动力,0,一般
G06n5apCJTUyW7dh,价格,0,一般
xITUtjneCiDaK4r0,价格,0,一般
nGKN8ZPRX7bd9J0t,动力,0,一般
bkx98mnYLCe3WDzd,动力,0,一般
zqmsg8DSiG2lQLaR,动力,0,一般
ZLeoOxCIiqjdPQSk,动力,0,一般
HNRVAQPSUoX3ybeJ,动力,0,一般
ajkbZcriRmB6otJ9,价格,0,一般
LbDM2NeVnh9GPyUX,动力,0,一般
XEg72TBW9zhC8xAr,动力,0,一般
GS7Fc8PWy3bzr94s,动力,0,一般
k24K1ZcWOSYJ07Em,动力,0,一般
0AghVaU3zovyfZK6,动力,0,一般
SnmaPubjOcvA9FBh,动力,0,一般
WNyUMEbpTzxGYm9e,动力,0,一般
JQyzMPEWYdbkue8N,动力,0,一般
0zvVXq62e1A9ib4W,动力,0,一般
bknrC4PKsLwvtMVl,价格,0,一般
yt0PCoFNfBsgSQlD,动力,0,一般
UZt5DT9jcW6pJam4,动力,0,一般
TH4XmfEMIBsUPGeq,动力,0,一般
jNAMbnkW2GQhuedy,动力,0,一般
9bjkmsRP2ZAeE461,动力,0,一般
7vEhqRNMyJf4bk2S,动力,0,一般
e2maqIsDiCNpbUyX,价格,0,一般
xlCcQsGXBZd3hR91,价格,0,一般
EfgDJMeVjAR2Oani,价格,0,一般
oHCUun6B7GvL8WlI,动力,0,一般
F1TNm6zR5YXK48fa,动力,0,一般
Zp5XkQmVtjNS2Yfq,动力,0,一般
pHshzjOT3MQB8ikg,动力,0,一般
lTwuRqjUV0eOyCdc,价格,0,一般
ZaeYwInl23uJVT4K,动力,0,一般
YQi8OESrgCvjPT5J,动力,0,一般
OvEuatQI8nlf5W4b,动力,0,一般
4Nl2xiHZkwfqG5Lh,动力,0,一般
csV2lerGbWHDM7uC,动力,0,一般
7ljw0AnmIsEYyx6b,动力,0,一般
lz8CZIvuepMjyT7A,动力,0,一般
mwgUZtAKuYWskdy0,动力,0,一般
ZFDQvjqLe042yWr8,动力,0,一般
QtyfYMKHjFJhT7qb,动力,0,一般
zu7TV3p9yI01fb2i,动力,0,一般
cqbNCaWf31yOFk2z,动力,0,一般
ZxIysR3VwmEXitzo,动力,0,一般
tPWwM1QZlKn6dSjR,动力,0,一般
zGj9cIeZwxhBQR48,动力,0,一般
xyVZbhWBMis964AY,动力,0,一般
LzbmvwkG9uSTDH0j,动力,0,一般
pH9qK1Mxse4GTkQR,动力,0,一般
L1esR8dohQwbTaWD,动力,0,一般
qxB0rLI4NpR6UQO2,动力,0,一般
ntf9greFQdToRAvj,动力,0,一般
KFpnvjzWT02gcIbw,动力,0,一般
O8u9KG1J6jVqRlS0,动力,0,一般
yhwXVqQiSFe0KTGu,动力,0,一般
7W4hb5ep8twNRC2G,动力,0,一般
DvYtjcm4UkObHZRJ,动力,0,一般
5nximF6XTzfJZa4A,价格,0,一般
Wr5lt8Xi0dVavhSe,动力,0,一般
iEXebDTcawoA0BQM,动力,0,一般
KF3paJVsftS0kL9z,动力,0,一般
0Yj4uHZJSBzlD7ix,动力,0,一般
b4AXUmFtI69dREae,价格,0,一般
lSQtCEDvrhdxG5LU,动力,0,一般
kGE5UO3MHwJFQ9Yf,价格,0,一般
fApirRuzwkNdanVH,动力,0,一般
ytglEGzINRCJ0rvL,动力,0,一般
n0zyhMV2qCcRT7sL,动力,0,一般
bM9TrsOKgASWcePR,动力,0,一般
slUkXtKjbT2gqyZ0,动力,0,一般
f0y2eka46dZWtm7n,动力,0,一般
JoXVZCrfDIj2YEHn,动力,0,一般
WDOtTbYw01FIpM3G,动力,0,一般
OsYUJZTx4c8SCW3I,动力,0,一般
wFn3N9MApUeOdjHX,动力,0,一般
hbjHsBtwcPqa0CJ3,价格,0,一般
kewO9xHJuqIoA4jF,动力,0,一般
zCIjAPpcefManuRw,动力,0,一般
sm0WEtJfjKlT3Oeo,动力,0,一般
RCTHDFv6aKXA2WjI,动力,0,一般
qju7rk4scUKJ1gzY,动力,0,一般
HB1syAbrheKnUwtC,动力,0,一般
9mNiTQ81e5Yu3k24,动力,0,一般
x82sm1ahFYI6jpqc,动力,0,一般
knmwaYgs7Er53DfI,动力,0,一般
aMFJAWuCiP3dQTOe,动力,0,一般
LofFZtYiRkwd6bpy,动力,0,一般
uohVA2LclBpk3nxi,动力,0,一般
A9KZib8pXfkQVgGW,动力,0,一般
VLHijeQoT7GZF6Yh,动力,0,一般
sI6Bwh7P3OuHftLr,动力,0,一般
iCSrZBo2maTWVYqA,动力,0,一般
esqiA6b9u0cJEjS3,动力,0,一般
DWyohezJr0CQONqt,动力,0,一般
YFsPnXeEVmh3LJRf,动力,0,一般
rytcHs5GMUWREKfj,动力,0,一般
Fq1kRMwxEa0rnJyh,动力,0,一般
gHiD3zTUrPCd5FWs,价格,0,一般
tusndCeJTcZWXl1M,动力,0,一般
IBwacFpzU3vL15EJ,动力,0,一般
Y2C4dxzm9JLKywXu,动力,0,一般
P4vcBzdLeQJ356nR,动力,0,一般
jHrbay0T5MYIFcfC,动力,0,一般
XJ3komsO4CZ0KFYr,动力,0,一般
1wqRWndTe3Vh28gZ,动力,0,一般
atvMkpfeVu4Tlgrs,动力,0,一般
q0OhwytNBT3Pe4Rk,动力,0,一般
VoijeQ4huWkB0ZlL,价格,0,一般
WUQ0Mhu19dvPcsnG,动力,0,一般
yn5Yup943KleQIDg,动力,0,一般
tqJge3EvVFUkxd05,动力,0,一般
wcopTmyzvU53ftqe,动力,0,一般
EVMhc9sRnktBZ2I3,动力,0,一般
QWD8lycXxm3SKe4z,价格,0,一般
C3eBiPdDrc7jagOt,动力,0,一般
V35fhcb8qOw4uZBF,动力,0,一般
QhrgY6ZaNL4zjfJB,动力,0,一般
0pJnq2mEzhHZ3Arv,动力,0,一般
BbjC5XQH4gaSZiYe,动力,0,一般
oGzVQxeU1yStugZM,动力,0,一般
jtbe8gZDGCEf9UOW,动力,0,一般
cDQiy0dnrVfx3MWl,价格,0,一般
H0ibSq4ndAzyE1hI,动力,0,一般
scYqrhITWwSnje5t,动力,0,一般
U0yhjQEPS9Im2tBD,动力,0,一般
NlxgP3eYt0nzKB5j,动力,0,一般
zO3ND7P0C16gotiw,动力,0,一般
PTDA2eULVg8NcMZ3,动力,0,一般
UdtE90wj71gQIBuD,动力,0,一般
Ur5LIl1YoBjWQEJg,动力,0,一般
gdibkoSsHMfZcaIm,动力,0,一般
18sbwglESLoPCJ9I,动力,0,一般
npsTlXveJmibUHdj,动力,0,一般
073DfApbZlcJ1tWE,价格,0,一般
7vlHt6GnPFKQCUVI,动力,0,一般
XEvGcYdbnIVTSL2R,动力,0,一般
zuERVI2Cc9FjrKq8,动力,0,一般
Be8g1L57jXQ0PRcn,动力,0,一般
93sWiKgY4UC8jDSk,动力,0,一般
az2weAL6kCjmvVru,动力,0,一般
yPUh5KZ9vV3lpsGB,动力,0,一般
MGfTopKhv3tr67Ik,动力,0,一般
RuGhicS6dUIXva2E,动力,0,一般
20o1aeNxbApYK5SO,动力,0,一般
g2vFMCd1N4i97KUQ,价格,0,一般
fYnArPDqmTlIyagt,动力,0,一般
cXWsxD0MTKQwEVpe,动力,0,一般
1KiNolhdjJ9z37AB,动力,0,一般
TcdzWbYEAqNIiPyp,价格,0,一般
qx2nhsRFDvKHW68z,动力,0,一般
zlEgoQBSR0eHYWjw,动力,0,一般
ltj3xs5h7oEP2z4A,动力,0,一般
yeBbRYX73hd94WZI,动力,0,一般
nlf4epZz7URcOWjT,价格,0,一般
DnmNzoYrLgcAaS6I,动力,0,一般
qIn7kULExg92VMcK,动力,0,一般
Hif4ZJjkoRw5b9tE,动力,0,一般
q6E5DiKcn0GBZxoT,动力,0,一般
gzuM7rRSdkc3yoVH,动力,0,一般
Q02UuKePZtja9Rdx,动力,0,一般
3OFdtEnJhzgjDvwG,动力,0,一般
9FVrmxcqvdC4pnzf,价格,0,一般
kXnywtp49dbE2aYM,动力,0,一般
snIOM3ePFcyix9BS,动力,0,一般
JU7rLiNatO89MEwQ,动力,0,一般
ksYlK4CfjXucNvGZ,动力,0,一般
mhdw9QJF0Kfp175H,动力,0,一般
KztJLy2av0RTEioZ,动力,0,一般
uTUzYxd82EJw5bKO,动力,0,一般
1M3ASJzo8XjtKBqE,动力,0,一般
OvSEW15GR9L2TYpC,价格,0,一般
x0pVSuD3Brs4QCkt,动力,0,一般
ieuKRNqP0vEIycaB,动力,0,一般
zF9Mueid3pXalrP7,动力,0,一般
WJFMnwQPUj8iLdSN,动力,0,一般
6Tl3EBqAXL0o7sSM,动力,0,一般
8GadRbIzViTqyx4F,动力,0,一般
VpLeaYSlRTqyMFgK,动力,0,一般
M4GuJmcIwU1THDed,动力,0,一般
m7FbotzxgiPfsJLS,动力,0,一般
m4idJxSGcC0lhnvR,动力,0,一般
kgEYWcjOxbNoz4S1,动力,0,一般
5bldocje2YZPXLQI,动力,0,一般
8gpBxQOPj2YEW7CH,动力,0,一般
n5aKxi3ZbAlHyNF4,动力,0,一般
LbDhIE2q3Fa4efJX,动力,0,一般
LU9S1nwJeQicBPFH,价格,0,一般
Lg4DuFNV0jPnextY,动力,0,一般
iKM0y9SRhw1raBps,动力,0,一般
ugF1Y9NsOJaBbtS7,动力,0,一般
vxohAazq27Uj5Dt8,动力,0,一般
GyS9fbm6AiWaTsXC,动力,0,一般
G2hHFZ50pPMQksXo,动力,0,一般
gOHKCLapJowzu8AR,动力,0,一般
DLJlzgK14pc7GkNq,动力,0,一般
ZeAFK5tdv6V9ORYJ,动力,0,一般
RVGhbxrfQcIwlFdL,动力,0,一般
U79aDc0xoKFMbyhT,动力,0,一般
72XjGlFSt8QbsKHp,动力,0,一般
nWp4U7IiXA6PrQmC,价格,0,一般
OT4cMNr6vXoZKSCn,价格,0,一般
WQ8e0VLzm1Nck3jt,价格,0,一般
5jCfSe8z9wo1sU6i,价格,0,一般
Q8yxEWpPwmJtscbn,价格,0,一般
Q9lsB8x6FvkDroPV,动力,0,一般
YPyQjeoxu0N5AaqV,动力,0,一般
ILV2xjt0r9Ty1f76,动力,0,一般
kZxn5LJOHMV3yGet,动力,0,一般
RwfKrGUZibBAMIgq,动力,0,一般
y3WuIhpVe5qKMsa6,动力,0,一般
Bq8AxjuoinbzI95L,动力,0,一般
PBzSy05iMmJe9LWj,动力,0,一般
m8MyxACkfqj2lQNF,动力,0,一般
Kx9qJV7Bwcn8DUhp,动力,0,一般
3xW28YUPNywkseaM,动力,0,一般
i5MfVSO48chl0u7N,动力,0,一般
mhJoGpyU2zefLv4x,动力,0,一般
lctobe5GjuBCxy4p,动力,0,一般
ehkY7aj6X89xMyr5,动力,0,一般
BylRVaPbFuH60W8M,动力,0,一般
aDVYRH7ef086mjsA,动力,0,一般
8OQC6rfwd4vFhgic,动力,0,一般
7MtT8ZihRLFqO1bw,动力,0,一般
0PLuvKeUR7rkHsot,动力,0,一般
3m21lZW0VHhj8ubL,动力,0,一般
TymcspvV9EQjfSRw,动力,0,一般
oHyUi0BYVrSJ6ILs,动力,0,一般
iQBEyOb6tc38jhvC,动力,0,一般
yNW7hAIvr2E43fL0,动力,0,一般
1UZSqnC93b8B2gmt,动力,0,一般
g0PoIQprMBdbhHmv,动力,0,一般
VyN6x2SP9EDpfJCz,动力,0,一般
LTxHPB31aI62JOMX,动力,0,一般
UfiAyxpkvQdguWY6,动力,0,一般
CLo6f4RbAyFB3I05,动力,0,一般
Px5CuDqJOfvEswra,动力,0,一般
n7dWQKx5ZtS2NLvu,动力,0,一般
0suojbqVSYImN6d8,动力,0,一般
RY9SQqt2147cxZsz,动力,0,一般
gAap9wMyXxSuQc57,动力,0,一般
qNZsXBg68bamyHQ0,动力,0,一般
ngzcR7CiS4Db1axN,动力,0,一般
oGI7QnWD0zJZcBtx,动力,0,一般
8mYAsyPTbdnLtoEG,动力,0,一般
Elt20YcRZz5FhuWo,动力,0,一般
w9d56j8OgnCKvPcL,动力,0,一般
G8hZaqu15NQ2zsJn,动力,0,一般
CY8f92BOTH3t5lW6,动力,0,一般
CXLI764WJbzQhcSZ,动力,0,一般
enEtRf5B8Ij92uz4,动力,0,一般
fAhkYX2HCdLWejRb,动力,0,一般
zGhESjKu9sRvXqo3,动力,0,一般
4oFy08L1DuhbO2dp,动力,0,一般
sACTVgxNDPSJwRtj,动力,0,一般
KMZARaNglYCsJ0jo,价格,0,一般
DBYMylWrtnzuojCP,动力,0,一般
O80sCRxGwAri2uNI,动力,0,一般
rQyPXo39gUnVRIvL,动力,0,一般
mkCj5cg1rTxzE7Kv,动力,0,一般
yvrIFQCnOUq03lD4,动力,0,一般
pL21kTtr8gRxhfWy,动力,0,一般
mJjQ4GHoElIXfqAU,动力,0,一般
gS8mMHCB5P1LkEKu,动力,0,一般
h8Lau6KWxfmIOPj7,价格,0,一般
6V5S9TmChcoGRbYg,动力,0,一般
CWdGUzmhA9Y35wPj,动力,0,一般
YtMgvoicjZsrW1Qh,动力,0,一般
l6kZj5wsr8R4AKUv,动力,0,一般
4grifhEPpnxc0WS3,动力,0,一般
TmBDYCLkqhX68ysv,价格,0,一般
lQEBMIFYh3W2ZRda,价格,0,一般
u32zFWTmvhSBALfV,动力,0,一般
eBAOK0iL9kRTu3X7,价格,0,一般
wEgZ92N4b6AMOkxS,动力,0,一般
0Flnd8hRq7C9kLGP,动力,0,一般
Pm5tHqoJKC2zvsD1,动力,0,一般
BnVNYmgcslkfGDSe,价格,0,一般
eaUX9AmLpQBGMIdT,动力,0,一般
HoA7taEmxsXCILlB,动力,0,一般
iKvqEVW2zx6cfMPA,动力,0,一般
Njqb59iEroQOJ0CX,动力,0,一般
aGZolLsBfVYvHJq6,动力,0,一般
dbX9HnOZxTk8acjN,动力,0,一般
Smr5TJxypWblH4Uo,动力,0,一般
AxXtv6CNauVQ2EYS,动力,0,一般
saFThguOB6fZHbAw,动力,0,一般
puBeAcLKxDWRJgCH,动力,0,一般
ZWw8NQeKMT3fXbJR,动力,0,一般
0lIuJGehVMFN3YQR,动力,0,一般
Y5Piob0TJNsqxyIO,动力,0,一般
HMb4EDrQAZgJy5RW,动力,0,一般
JYBR31ezsQObFVa0,价格,0,一般
2HM9K0C3dWPmAXjk,动力,0,一般
4mupsO9QdHIjAZCx,价格,0,一般
9SHwLQYjuI5dRtvN,动力,0,一般
kRxYP9qzbWef47mc,动力,0,一般
DkSA0nRvwyxrmJzo,动力,0,一般
K7iEzF8jtpLvc5qH,动力,0,一般
DYxPBjZendkSpM3b,动力,0,一般
PZaUybTwCt4jqsnv,动力,0,一般
BPnjDGbgATUfy6H3,动力,0,一般
PSY0qdpjryGK9FNm,动力,0,一般
DFpjJkdehuvLStTE,动力,0,一般
kz6lDqx7PQcRBoVv,价格,0,一般
vgAGd6BS4pHa29Rt,动力,0,一般
nMXptb4eFWO0HJGg,动力,0,一般
EctJhFjIHKv871dr,动力,0,一般
KzOcf2gUuVm4oIyh,动力,0,一般
6pu0SFqDrhfeTEUY,动力,0,一般
oak4npPgcZBGdeE1,动力,0,一般
UhAyZtKqOQDXFip9,动力,0,一般
U8VCky2zHw9neYr3,动力,0,一般
6yGYa4nW5zcSeARP,动力,0,一般
n0iGFeumh7wbZfc5,动力,0,一般
gcvFNLBunQA1rDq6,动力,0,一般
CS8uaGHjZex7nqLv,价格,0,一般
s724WXNFcAuDngeJ,动力,0,一般
h3NL9F6Y8Je1PCE4,动力,0,一般
ogGOmYu1jtDZQ9aE,动力,0,一般
JO8tRVkUlmq7MnP0,动力,0,一般
3AJkt7mQYBeqS8nf,动力,0,一般
xF860eoBE9tMkgcD,价格,0,一般
d12qenNXRh4oEWkM,动力,0,一般
TU8qXLNScFeEGJop,动力,0,一般
MLdqs6WeHn2BQNS1,动力,0,一般
Lp10l8mH6BTKExyP,动力,0,一般
EhvqxVprbJ0KWk3U,动力,0,一般
91Jqs0gUj6cG5h3V,动力,0,一般
Q0Eh6Pc19WxsfYIz,动力,0,一般
AsB7ojNxuFhLXyW9,动力,0,一般
pT16YmJPVbAU4kQM,动力,0,一般
o81JW3GwXYbiFfqy,动力,0,一般
0BvCpAUIK2TVrbl8,动力,0,一般
1LDt9yAJwhUZK405,动力,0,一般
W3p7COTRkSzjK56I,动力,0,一般
9vnib5NlZmXjGRsw,价格,0,一般
3k8eQMZPvtwiIFHx,动力,0,一般
bSJW1EvDTLnhU0qO,动力,0,一般
Cj8LbX4Gs1icVz9P,动力,0,一般
xpwuMGFyiq06ldaO,动力,0,一般
WOKSEYap1DMc5iPt,动力,0,一般
sR5IdcrS47ACxgkf,动力,0,一般
GO8AHDxYM6FyC2KR,动力,0,一般
fvme2FaMH4K1AIWG,动力,0,一般
cC7ZJ9QgyFRduO4w,动力,0,一般
PfT21Y8IqGeOik6M,价格,0,一般
qYK5ZvFwyMj9HbxQ,价格,0,一般
i60D1tkneHlwOWK4,动力,0,一般
uRJFKHw50MWCgQEj,价格,0,一般
8RjxP2OmA6FzaNfv,价格,0,一般
4T3COzh0KP98wnWv,动力,0,一般
BS6GJonqAjs3i5dD,价格,0,一般
3ufdvW9n6LpxtUmo,动力,0,一般
WzG1hoF0sn4YmMNd,价格,0,一般
Syba49BXGKAj5E2J,动力,0,一般
XQLp1W6PUGiSueDC,动力,0,一般
4fi6wDdFSEjBIWQ8,动力,0,一般
w2djv1uBiVHhNIAQ,动力,0,一般
pz8P7vGWgAeoUbrc,价格,0,一般
n9dFxNf8SVY6wIb7,动力,0,一般
TEJua7ojl5kVQ4px,动力,0,一般
cxdNAbiwF7ar901z,动力,0,一般
t7mqEcPgjBi3yMXG,动力,0,一般
opQNKOJUsPm8fhqF,动力,0,一般
PqnhGulHWtDrbRFU,动力,0,一般
QXv8qNuizGcjtOae,动力,0,一般
AEJ4Rzqk8PL5bFfg,价格,0,一般
v2oQzqurO6aEdAsh,价格,0,一般
ibSO4ogXnq0d7Tfw,价格,0,一般
pDnAP3eMVs1j47Cb,价格,0,一般
5hlv1GcgFWRDLi8u,价格,0,一般
Z7ovg4rQWNT5czpl,价格,0,一般
btQj9E65G4gSrx3m,动力,0,一般
jaFxOp42fse6RdLK,动力,0,一般
KgNLqSsR5rW4az0P,动力,0,一般
H9Eqg04t2xn6CkJT,动力,0,一般
H8eBXno1LjfbMyPW,动力,0,一般
FsEWPD6SoKM3rN48,动力,0,一般
AlF5rQZI2mgRdhGi,动力,0,一般
H5oIvqrNuGT6gbR9,动力,0,一般
p2zCmiu4jIScUXew,动力,0,一般
onsZ8B5X4uVcaU0I,动力,0,一般
93pxjCQnsPHiXTml,动力,0,一般
NM3TLgmaheIbqz4W,动力,0,一般
eRQXz59hG70FxqEJ,动力,0,一般
cwGbU5WZlaE4mFzC,动力,0,一般
jSERDcwzuegam0Gi,动力,0,一般
RL8iomre3TPFyBqa,动力,0,一般
khWTLVBRobvUn3Ga,动力,0,一般
S0D8e9tuBdQpaWFM,动力,0,一般
70s9f5wBXxQyvIeJ,动力,0,一般
nhK3bVtY2XqfoFvu,动力,0,一般
N6SOwHa5DWnUL4YV,动力,0,一般
iSkQ6VBe41l9s3HJ,动力,0,一般
vEjHlxB509aiUh1L,动力,0,一般
JzQNiRH9sdM70n6F,动力,0,一般
p5diMJHQ2AchUxVF,动力,0,一般
Gczub7DEkxp4VRhN,动力,0,一般
Ziu2rQTNe3YUJD6v,动力,0,一般
LN1rgVTHliQMzw4S,动力,0,一般
jZTniaUmkgNuroEL,动力,0,一般
WlpdjUxNifwH39Qv,动力,0,一般
UMN9f4gjq5VCme6B,动力,0,一般
M9maZYhelO08UcP7,动力,0,一般
mv45lRIHiagoZPuz,动力,0,一般
50URtN4rqHjKGT7p,动力,0,一般
td0peuT5361WJCy7,动力,0,一般
ifU6TJRIqQ83MBm1,动力,0,一般
1hTnwObE6Pv4ilI2,动力,0,一般
sWdoqgak2prV5Xfj,动力,0,一般
sTEj9duGX2zAqIr8,动力,0,一般
k3dnRXbhuqiMje8D,动力,0,一般
OiM0P8nZ6Hk7ECLR,动力,0,一般
5r40CE1jGfLliA7k,动力,0,一般
nbtiQjg5371Df8Fe,动力,0,一般
RAhPKc3w7zYvTkoD,动力,0,一般
zxho9ZN1fG736tIX,动力,0,一般
sY8baihTfECGcK4q,动力,0,一般
puszkRaoPD9hf7g2,动力,0,一般
PQRy47eBIkvXzLmH,动力,0,一般
KPlyLQFwz5RshMjf,动力,0,一般
lDMaYEJdVBKTu2zy,动力,0,一般
TSU6zwZnRQ4cuqLB,动力,0,一般
9TWx532X4h7wjiDy,动力,0,一般
6jm8uWBCpZwo5RFI,动力,0,一般
4tWrTOAjecVDyFYl,动力,0,一般
XK9dD5vynI4oGskJ,动力,0,一般
qscgnZPK4FGwLV38,动力,0,一般
tgmdp7VPTv2qicoK,动力,0,一般
DoV8dMqFstKXEUwh,动力,0,一般
GTx9wel45ru2LZoS,动力,0,一般
uAzN7fjJWyQq6KXD,动力,0,一般
2ZCfsbon6041kpPF,动力,0,一般
HgApRX8nqjJlEO0K,动力,0,一般
H83bKrlde7D2pNLF,动力,0,一般
k5A2oECXbvlxpWF1,动力,0,一般
EsFeCWZ4pAYLjkOD,动力,0,一般
mUHbaghwpnzBtME9,动力,0,一般
8SjFg2purME4Jx0A,价格,0,一般
e0kYOc5iPx9mR3jv,动力,0,一般
HALEWZPmhvTzKjr8,价格,0,一般
2Hp9McN70xnzy8qJ,动力,0,一般
mWbG5Zc1zwy6KtjV,动力,0,一般
AEYbGMtnhrJ76sUd,动力,0,一般
T4Y9Apfq2BesIGlc,动力,0,一般
1hM4eqwczXF6buG2,动力,0,一般
wtoBu6QpKzlO8maL,价格,0,一般
GRXzZQMwAeJu7COd,动力,0,一般
bKsdJG5Bu4QFfAEL,动力,0,一般
TIMa6yKYE8fePg17,动力,0,一般
UIC3PqTcutWdFNVQ,动力,0,一般
39GHL0vs8hg2bpl1,动力,0,一般
Jmb32XBrZgTNhi60,动力,0,一般
es0ZgKMEINc3vajU,动力,0,一般
wrLa3dy1MTJAUbIj,动力,0,一般
jGglFPieTJX97Uxb,动力,0,一般
k8G4vxE5maWVOiMB,动力,0,一般
XdMQbHDq7Vs3n0IG,动力,0,一般
QZHrOlg7P4Xdy2Y3,动力,0,一般
u0K4toPXbnlJTcmL,动力,0,一般
uzfj7oHsXO2nmUxC,动力,0,一般
JOBqrRszQ5LFT72X,动力,0,一般
pURWwJXEY9boHvLq,动力,0,一般
jyTlYHMnAKc4EROF,价格,0,一般
HRLxcVG8YaWArDqd,动力,0,一般
rCUqz3A0k5PK8bEV,动力,0,一般
beH79mYF60rqQwKW,价格,0,一般
ay6bwYNud4KBVJXg,动力,0,一般
amIEoWFrYfbsRyOq,动力,0,一般
CKWDlRyrYdQq2iBH,动力,0,一般
YxvTf4hr1odFwyM7,价格,0,一般
VYRCeOz63ky4UhFP,价格,0,一般
5gRpXMthv6sO9lme,动力,0,一般
mCcU9XgIHYWsL4qJ,动力,0,一般
xZvGCk0LXS2ITgHe,动力,0,一般
G3gFzhjsWm8xqHTV,动力,0,一般
SoiD43pfynQPmJ7V,动力,0,一般
2b6R1V7kQS8UMxY3,动力,0,一般
EnKrOoixv9Bq0b5Y,价格,0,一般
V52Ubc3yioDXqkQ9,动力,0,一般
DhQW8jsTpyqw06o5,动力,0,一般
krc0zWjpYaKuOIUT,动力,0,一般
WMfT8mP6bRpHnhqr,动力,0,一般
TlQ3NGwt1ZzSO9B7,动力,0,一般
CFpJR65ev0MizD8X,动力,0,一般
EVG6bXaQxSCN1Ake,动力,0,一般
ZYL14a2ypDcoB8T5,动力,0,一般
NO8VzjCTMpQ3Hcul,动力,0,一般
VL6jHoQ8ZpyIP0tn,价格,0,一般
cCgJT7PV3mbx21h9,动力,0,一般
V9JNZ0vxUCWDsfrY,动力,0,一般
sNtAReLBfbXuTcyH,动力,0,一般
FRkSi7Mad9B4He35,动力,0,一般
SuaPyk6KrBWiLl8I,动力,0,一般
3IULXkViPBDKYjvw,动力,0,一般
MDFGsd5R09vbPLht,动力,0,一般
bMUeh2VjrukxmNAD,动力,0,一般
24imyrkH9Bcu067W,动力,0,一般
QeLJ6w9EB78bulcj,动力,0,一般
8g9n4vVqZQ6JSP5x,价格,0,一般
jF2o1uBciOaKARx6,动力,0,一般
dL1EZgfl4RjkeKUh,动力,0,一般
2VWOd6lnSviTrQY0,动力,0,一般
l78SQPcmBT9DtqNj,动力,0,一般
YGIRkO0Zh4NtVnmF,动力,0,一般
V1NSF709AmjTRPhe,价格,0,一般
yBOG7JzfwRZxHVUo,动力,0,一般
1VkicdAOjC6rPqXW,动力,0,一般
zJjMAVQLrfeUms3Y,动力,0,一般
3hctzfuMi9F0r17m,价格,0,一般
A34yvHZGOCmtczpf,价格,0,一般
CkjQS5YZNHvFAXzt,价格,0,一般
5hscw7oaqFm3iCBx,动力,0,一般
SUV7QinvDBPmL5OC,价格,0,一般
pGEBk04J1dcLUThW,价格,0,一般
NvOgzwa9XLkhEZfj,动力,0,一般
v01eRdCPMnOKw8ty,动力,0,一般
kO0yL4m76xbZ8IUE,动力,0,一般
VjDzCfoU89EvMbdR,动力,0,一般
tyDsn2CHM0WJzwpX,动力,0,一般
64eN5ZExUkXqpPa3,动力,0,一般
6e2J5pdRaqDWvSgE,动力,0,一般
wHYay9uoQIO25Rht,价格,0,一般
uGTir0Q8SBej1wAN,动力,0,一般
xGaLW1hdRjQFKXcN,动力,0,一般
JEpFPS0tBo5O8hxu,价格,0,一般
AGjnT4Dd8bOokZz2,动力,0,一般
dXbirf1CuyFszlKO,动力,0,一般
nBZzr916y0SKtCPe,动力,0,一般
SnXce3GqCQd6tfFb,动力,0,一般
wWxseS1cGTg2DhHK,动力,0,一般
reyUlXwx6YZHf2Nc,价格,0,一般
um2A5EVOerPf1ZKS,动力,0,一般
Aa73jxLqprzgl5VT,动力,0,一般
7KRGZL60qn39dMXN,价格,0,一般
Jy2MjFViEeBdm4St,动力,0,一般
QY9l3vw28UtiBCs1,动力,0,一般
ho6QNZl0uXev3C9q,动力,0,一般
0ZcJSahWkL3TmIzN,动力,0,一般
CM0TrDvozKejJ19X,动力,0,一般
hTSecn4GNgLbAKHM,动力,0,一般
3IxjdMX1y4NOf6Dn,动力,0,一般
L4xNKFochkw71QBZ,动力,0,一般
fkqNdWp61ien39JX,动力,0,一般
7Gb4jFNMRYgvLlDu,动力,0,一般
0HR9mNhn3dzgXr1F,价格,0,一般
3oqNdjLtr6HBxkKD,价格,0,一般
uUpHiy5kTCXr76fq,动力,0,一般
sDLvXxwqMJf5jgTc,价格,0,一般
lhu7cmGoMekHqBaz,动力,0,一般
uWgbGATV0jOoarDw,价格,0,一般
rf7MZgcWesEv6SuX,动力,0,一般
jEpFZwbyDHo9tXkn,动力,0,一般
Y4E9pN1kznPewcUO,动力,0,一般
H7l3YEvyKQaIh6r8,动力,0,一般
389Drm5jzBFvIZ2i,动力,0,一般
JOnA6lRuWev9gcUC,动力,0,一般
JK1uU6QgvX7FPmeC,动力,0,一般
bagL1329tZij0Pme,动力,0,一般
bXUKus15n8SeEHRt,动力,0,一般
EFY6DBolxfH7Cj2b,动力,0,一般
FGRbjwZTUlkg86pQ,动力,0,一般
jlxnYgNMRSEbQ47I,动力,0,一般
Pzcjy48JxafdKIAV,动力,0,一般
hxR9gUEeVuBHcPTk,动力,0,一般
rN1gsRZq98mTL2ow,动力,0,一般
6vnwrqt9EU048AJD,动力,0,一般
YiOzfUcV1sy6KxIE,动力,0,一般
bkn08zQsyqtxGpL4,动力,0,一般
Qw3Icen09U2i4ahS,动力,0,一般
X6sGr4hBNU8awZ0H,动力,0,一般
ZUCOEHAd1ga7LFxk,价格,0,一般
ywJhqCI501xpn8Tu,动力,0,一般
yoH41Gi9Y7RXmJwK,动力,0,一般
QptxJrH7qsfiEodS,动力,0,一般
rGgeAiF6dkhOynmp,动力,0,一般
USo8k1D2Zwh56vVB,动力,0,一般
Ec0zbuRis9NHpyIQ,动力,0,一般
ICnk96qfHQtTULAc,价格,0,一般
Ps6hZcIAX1fFYlCv,动力,0,一般
zyCSDkJLrhWE8KXR,动力,0,一般
UyhqNBf53jE89orR,动力,0,一般
tvTr6MNcyhmkuRAX,动力,0,一般
mCtk2EcWaBZRTzG4,动力,0,一般
oQ49SFW7I0LybuqU,动力,0,一般
O732ncCsp8Rr69oF,动力,0,一般
fxyncAKhsDum2Oob,动力,0,一般
gWMql7QIZcVFX6y0,动力,0,一般
jWgdAn4QIHRk2uUs,动力,0,一般
AB4sGnS3vVEq8Dxb,动力,0,一般
6wxXOpZHJ9CNtdeT,动力,0,一般
fMt9sXq4pGHT81CS,动力,0,一般
cdqKw9jfWgvQ8NEm,动力,0,一般
Pm0r2h5HI76nXvos,动力,0,一般
YLIEz3wdkUNMa0HJ,动力,0,一般
3bhVfsTD75wFKXCn,动力,0,一般
raYDzok54yMZCOSW,动力,0,一般
cL9T6irqHNDsZfPe,动力,0,一般
qfdGDCZ3PeKxNwpn,动力,0,一般
p4kMIBeaTxqrHFCS,动力,0,一般
X8wU7Mr5kBcSDxJh,动力,0,一般
AohYceIpjN7wJ2zg,动力,0,一般
78vjfAny6s9aIKmO,动力,0,一般
O6ECF9ct4iuMlDJ2,动力,0,一般
1HKS4tw3Z7r5Mjbd,动力,0,一般
bqlw4Hz1UL05MRC7,动力,0,一般
lu5Ji2sjwNgHOBcV,动力,0,一般
5kwbXrfVS62FnKDh,动力,0,一般
EtMWgPap8VOK0ydJ,动力,0,一般
sghfQnLUcSOu4DFJ,动力,0,一般
yLlrQXn5hta4bG76,动力,0,一般
LFeDWjKa7HBM4sS2,动力,0,一般
atzMAVxk9SmRh1N0,动力,0,一般
dRpfDLrSM0sYWvIB,动力,0,一般
NbFEO2GfgL1dJcQM,动力,0,一般
e0v8JDt3jqNnIVUK,动力,0,一般
ioUIrmX7F4V9bClB,动力,0,一般
jaOzYwbXlD4sMEfe,动力,0,一般
WPIkOoDsAQl7hiTN,价格,0,一般
VhlJyLza5ERfxDnZ,动力,0,一般
52jEpMRoDNvPHwSb,动力,0,一般
goW6bEX5lPTeBjRt,动力,0,一般
dBKTF3eiMoyUELhb,动力,0,一般
dMtgGohl5s3VZHqC,动力,0,一般
pL13OljJzXMRiGmZ,动力,0,一般
1KRVcuea2SYEsynd,价格,0,一般
AcT47a1YvjXbyodn,动力,0,一般
01kgxZUTtfODp2hr,动力,0,一般
PxLWHR4po8D1T6A3,动力,0,一般
237pFikwragGBfnt,动力,0,一般
Gjc1XHOVlKFe6ItU,动力,0,一般
atLdKR0lSyEH9sMg,动力,0,一般
Lw9O210Qyh5Uut73,动力,0,一般
8NnaMkJhHyALDcPZ,价格,0,一般
ODvT15rVzUQGtxWS,动力,0,一般
szJOWrFC4H97uDUo,动力,0,一般
gzGyHmUJQuaEfNhM,动力,0,一般
SVaOfb1hoyPzv7Lq,动力,0,一般
8Y35jtbpHAeThg70,价格,0,一般
KfFAPD6TohrVGUSs,价格,0,一般
rQWPNRL1mwxsF7li,动力,0,一般
wnyujq8gV62lDU5Z,动力,0,一般
AHrjUh6xkJ7dRcLW,价格,0,一般
Oa4sklUTNDmcpbQw,动力,0,一般
uPwVh0CZYoTeGnbD,动力,0,一般
sP2Ax8OS9bgIafqE,动力,0,一般
Oey5EIJUc4PQa36m,价格,0,一般
eTKhpqbosaRn5jLZ,动力,0,一般
R52zpKF3CkvcYhL8,动力,0,一般
eNou2KY4lv1CBD8n,动力,0,一般
4Nx9kchmQwlHE3YI,价格,0,一般
K3Aby8kS6urpQRYa,价格,0,一般
jRIDftoT6FSWVA4Z,动力,0,一般
TFtAxJUkB9RpYbaZ,动力,0,一般
QKtFkz9vn68ErxUm,价格,0,一般
Gbc8jJ3iENw7kISz,动力,0,一般
UXA1P7V5bJhiG9tx,动力,0,一般
LoZ6kfgdemxuANYI,动力,0,一般
ODQsAT5ieyg9JNSG,动力,0,一般
UJ0uFwKlp9qf8zW6,动力,0,一般
cydDMeo04TnBG92s,动力,0,一般
BaEdk14fSL96ZTtN,动力,0,一般
FfcOkjr9XwMlZvIW,价格,0,一般
6Zw3Q5dDmTPYzrp0,动力,0,一般
VZsxWz1fbk6DLFXO,价格,0,一般
xwpBL2Rf89F6qO0u,价格,0,一般
bMpL97f6tirSwcxO,动力,0,一般
r0XIUAqlz9aQcvYB,价格,0,一般
Cy0ZOxkKhMoETNqS,动力,0,一般
TROFwzH24CuexUZd,动力,0,一般
Pm7De1R2OuIa0AGB,动力,0,一般
6p1Gd4CbI5MALmxq,动力,0,一般
xr9naXZ6QuegToj1,动力,0,一般
1SK5FhgGrNiCPsYV,动力,0,一般
voGhsAS2uf8jCpWw,动力,0,一般
OeLFcmtvT4GaQYZV,动力,0,一般
LaYhq2ci6EbpOzXd,动力,0,一般
q0bRKPpSCtEGhmga,动力,0,一般
3HdWEaZ04DPAhLfk,动力,0,一般
zf81NdHe4J0GWY95,动力,0,一般
6TLua3NxbHo5Rsj7,动力,0,一般
pjynGY1xS8M6JhdQ,动力,0,一般
f7uH1xAdhCX93L62,动力,0,一般
wU1ipRTWtdl8bhYn,动力,0,一般
9KQ7RiT8vdOeroHb,价格,0,一般
KBDSkAULJQ6v4WVT,价格,0,一般
8E6B9V4pZ5jtXInA,动力,0,一般
2Mg3CxG1vhfWHAVk,动力,0,一般
Xt6faCsrjGKRExku,动力,0,一般
Ff5Bh7nHMvISAoqg,动力,0,一般
hFuqAespIJt0MKfP,动力,0,一般
shaB5qOUiVct1Jxf,动力,0,一般
cduP0IO6QzeqXbg7,动力,0,一般
TNP8GkgvxcYJ51dS,动力,0,一般
s1bqrGugAkB06xZj,动力,0,一般
WUMfjXzKCtP4F3qg,价格,0,一般
9trKxFco3S5iBeka,动力,0,一般
IPMSkDGKeciJZmTf,动力,0,一般
dHTaEWKxyYoBc5sU,动力,0,一般
AMlzYOEDGNWr4tUI,价格,0,一般
pQLoOrdDjFENC5IP,动力,0,一般
1rnyWNaQlKjGgpHs,动力,0,一般
Jy1LwbjqZgxI7AvY,动力,0,一般
lcHAXhtYT96diyCg,动力,0,一般
3Td6ia7n5BNLqjxh,动力,0,一般
8T4wfUGLgxm20WZp,动力,0,一般
6Zf9kPLzJDMnxaA1,动力,0,一般
3NQxUShkd8iuRemf,动力,0,一般
amI52NUMlDGfjZse,动力,0,一般
5lWHK0DEnU7g8S1C,动力,0,一般
3ePOA5JHayrbDik8,动力,0,一般
1UFKiJnMPgWyGpHc,动力,0,一般
fV6y2A1na5iSImbp,动力,0,一般
cjeL2RdTgBrzXisv,价格,0,一般
4C1iftvQzxIA29g6,价格,0,一般
D8PrMauq3jmVIpO0,动力,0,一般
yv10mXsOb8okPVHz,动力,0,一般
4ft3dcD51ujCWYrR,动力,0,一般
u0PmnoGdzNIRy4Q7,动力,0,一般
GRlhBtC0dvqozcDr,动力,0,一般
1IS5ErKoGiW4Jjls,价格,0,一般
2xquOsEThjWnBbNR,动力,0,一般
yT5KQ81OwgWksu9o,动力,0,一般
GjcNvgzmyAlk0CtU,动力,0,一般
enGqUjh94tM7gNRY,动力,0,一般
l70jQ4sAmbVhSCE6,动力,0,一般
nrV4zqh6A83S7IaL,动力,0,一般
S5LM9Xt78HWUwjvz,动力,0,一般
qE5DawnupNgsJvHh,动力,0,一般
Qe4htWX3MpbTo59f,动力,0,一般
J5DLaj2MlofUKtkT,动力,0,一般
Gx5zIE8tOnUfiCYy,动力,0,一般
THFr9R5wPhEgeLus,动力,0,一般
7PYVKRsj3Ftm0Wop,价格,0,一般
ZwWhIekUOgL2TaVf,价格,0,一般
lwz4A0aUcGDJVOxX,动力,0,一般
B7zneJI3pla8kQGD,动力,0,一般
Vhk03O6jgnm4v78M,动力,0,一般
fjNK5psFJVzrPbgE,动力,0,一般
ZGnLHOQMUmTYfusI,动力,0,一般
2hqQiRpTBVmNdtEo,动力,0,一般
j7v1Qtbl8G32gNZn,动力,0,一般
OUIc9F38ut6MoGex,动力,0,一般
SZDd2UfnJ8lOxLTF,动力,0,一般
eC5MH8XYjSpUITo9,动力,0,一般
1NxrRQWBTJFw7A2d,动力,0,一般
h1rBlfXKxHVO0Nzu,动力,0,一般
LI0lSFPZDOzrqnyj,动力,0,一般
XGRehAmp9QSzZCNL,价格,0,一般
54BO8AXVfUluaEn6,动力,0,一般
HZ1BLnSGKDtxcRP9,价格,0,一般
LdQKwOs6hTbY9gfM,动力,0,一般
MxZWDrcfogmARhjL,动力,0,一般
YNVm4FeIfWKG3rds,动力,0,一般
vcEKDR05dHhqlFBI,动力,0,一般
oi3egvK85kdCLym4,动力,0,一般
n8gkp6OeAKf4zrwR,动力,0,一般
bx87EnuPHgq0Vy6e,价格,0,一般
3WVqgl5iaRbOdHe2,动力,0,一般
Yg1qG7649sKiVh0T,动力,0,一般
OMS3NeFwL8JB6onb,动力,0,一般
Q0fVx2qNWLe916Pz,价格,0,一般
sqNWBIYSTVR0zob9,动力,0,一般
dHbmaZcxAgpnwETN,价格,0,一般
WanjgfvIscPoUqGY,动力,0,一般
HpW5LyeUK6rNX4g7,动力,0,一般
7QOtG1MD6z0skcNb,动力,0,一般
fSR1A9e6jH3UMFI8,动力,0,一般
7A2ze9YabMCc5svr,动力,0,一般
pLSxhPtQ4OmTDg95,价格,0,一般
nNpYZdeQERiutcD6,动力,0,一般
3MjvJUXBzegF45KT,动力,0,一般
875xyDbzPHFleEBQ,动力,0,一般
wm62yPbD8engtuGI,价格,0,一般
AF0Izd3Ecfgkujy9,价格,0,一般
94epsj1buvW2lBIf,价格,0,一般
IcgXbKotPaAMZ2Ck,动力,0,一般
c95QCaf3XKtn04VE,价格,0,一般
OLTDzsIkWUeYKHX3,价格,0,一般
C98YtdkE4OLTDgea,动力,0,一般
2gO7dWM6rD9SHvEY,动力,0,一般
caVRpZDW6Qdr2gk5,动力,0,一般
ByeJn8m2blqVKiD6,动力,0,一般
ZRSP1JekE783vNiw,价格,0,一般
OU0Ha56DoCJiqEjs,动力,0,一般
dM3i6seOI4ckbZtg,价格,0,一般
I27CTamYDZ5oyX9B,价格,0,一般
jzTRF17bABPMOXZp,动力,0,一般
sLJc1tXdGQUeVhEf,动力,0,一般
wxzmSrR20gA5kdQa,动力,0,一般
P3DW07uNKaj8sCRr,动力,0,一般
PykO9QsJFYtmMGvU,动力,0,一般
uDpUIL5BkgFoGZQE,动力,0,一般
vlCphH36ucoXYAqw,价格,0,一般
yoUEBOQszJW0KA5G,价格,0,一般
bTs4yzovnrFhX1NV,动力,0,一般
wnWRdqCphJz6P7U2,动力,0,一般
Z8IsoVLB3CEetMUF,动力,0,一般
RpeP4w7J8AOxdzIi,动力,0,一般
Cme1yAS3oLdfiRBK,价格,0,一般
q4webEMXRSyDN5Qf,价格,0,一般
HM38kdhUSjEPwp0u,动力,0,一般
hNiGFEPdTZJoKOqf,动力,0,一般
aHU0O9YCLly8cPvR,动力,0,一般
ueY7R2gFVMB9bWvL,动力,0,一般
mreCtuKXFwYsi0z6,动力,0,一般
n2TZNWRdfSCilqLh,动力,0,一般
KTdD7U8JiFE26GLb,动力,0,一般
qBLiW1NTHk9KguQF,动力,0,一般
t13HaBqTUZF7Yeju,动力,0,一般
atYuVC4do9Z3EQ2X,价格,0,一般
MFa29rps6jzg0IbC,动力,0,一般
Qgls9k6yBHWYoPxR,动力,0,一般
edOCKSsoXJyw5TLY,动力,0,一般
gDHSRqoWn0m3A69d,动力,0,一般
hf5PnKEcrJtUYRXu,动力,0,一般
IdTQ1FwiJhUtxE02,动力,0,一般
jaihGf4Qxl9qdNry,价格,0,一般
ciFVdL85Xfv0wEaN,动力,0,一般
5SMgPUyoustRpH1C,价格,0,一般
k9CaQPBrpeX8bjSG,价格,0,一般
XPjnqk8VFzthwuU7,动力,0,一般
bCx8wV5SpZDlK3Py,价格,0,一般
dHbRIfBklWh951Dx,动力,0,一般
WmOC83jat54SvqiP,动力,0,一般
QWdyBLA8uHGURn6h,动力,0,一般
FK9f0la3xHeTbqws,动力,0,一般
isSJMTg0FcyKpOQH,动力,0,一般
PzDH9W2SLkI06jXn,动力,0,一般
CypflrRX3gzLH1S5,动力,0,一般
CbRdc5SULZMa0ENu,动力,0,一般
jw6r9o5lKR0qmnYO,价格,0,一般
Tw9nMdNusAitK6LD,动力,0,一般
mkL5BqDI0K72WYip,动力,0,一般
Hl6OX4keyCiI59ca,动力,0,一般
vNr9ZPWB7CUtenfi,动力,0,一般
xewG7SsfbB4tackJ,动力,0,一般
wypVfJ1g7KBFbHqR,动力,0,一般
wl56peWJEFKrPxzA,动力,0,一般
NTSwHW7RQV1bUA3m,价格,0,一般
3D8VpF9nbjTK4NsB,动力,0,一般
QcPDjLbxHWvCmVBS,动力,0,一般
uSEYLOmivbVUT1dM,价格,0,一般
htRUXO3cHxBkdaMw,动力,0,一般
gwtnIS4qfW9iRvNo,动力,0,一般
dtcU9gDBOFwMKy1j,动力,0,一般
aHtQSMkbuWIo3ZKU,动力,0,一般
vbUMhGZKA6Jzn2DN,动力,0,一般
bsSwZUhKyEC2zpav,动力,0,一般
Ky2H3WgfdaIwrSAt,价格,0,一般
iUutpQeFw6vzMsD2,动力,0,一般
jLb8qX5xeQ4S1iKU,动力,0,一般
6HxLhDasVpPgMm8K,动力,0,一般
Z2GfSdoxeOt5LNuR,动力,0,一般
IMofFWZihwPx4YdR,动力,0,一般
xehQGn9UXiu7Z28I,价格,0,一般
546EUdlygJWfBtXa,动力,0,一般
IxGULQg6vNziM9uB,动力,0,一般
Avuyps28QEtHM73w,动力,0,一般
MrTgjwkBWDmh7loK,动力,0,一般
JWOxwhLq7lpQv1eI,动力,0,一般
hXQT2Nq5Hd7epoxZ,动力,0,一般
Cv9S02asNYldJ8hH,动力,0,一般
HIntVvrux5ZkibOE,动力,0,一般
qoLHFgKsdu52hBp0,动力,0,一般
sjK5uV0zPwJMld2X,动力,0,一般
lJd6v0EGxVkmNbU8,动力,0,一般
sN0Od9C6iDhzPrQq,动力,0,一般
wiNfok6vXFL1tWDV,动力,0,一般
kRG2wfTBMprINaF6,动力,0,一般
s4KEk3XfTJSz0y18,动力,0,一般
IFLmEta54AiujdUO,动力,0,一般
4TxVo6Op8kXv3mHR,动力,0,一般
lpF1QBJRqNorkeVh,动力,0,一般
eVw2EoqQzPafcni0,动力,0,一般
uSCy8iTz742tkdrh,动力,0,一般
AMDg8X4KiknTopE6,动力,0,一般
Mj2skhg31YLtnazp,价格,0,一般
nhmcCF2Pl1GRyHiK,动力,0,一般
3e4RCs9lGvLokq0I,动力,0,一般
ROMK65g8HGQweWDq,动力,0,一般
P7zwjrpgGSFiDA4M,动力,0,一般
PTZrVmatjOJLeWxv,动力,0,一般
kpnCZaAhWuOymsRD,动力,0,一般
1BvD8xQqpmouKl2w,动力,0,一般
HsRBODZpbreXM1nP,动力,0,一般
X1M2nsA0Gy8IjKmx,动力,0,一般
ZVi7njCYN1403Kw6,动力,0,一般
rl8tJSg09y5dVI7p,动力,0,一般
QdaZJwOXbmkocY5v,动力,0,一般
dXf2rtkJHZPY0O6z,动力,0,一般
iGtjK9Ye0QPDkJRa,动力,0,一般
xMjehF1dANLv3oPf,动力,0,一般
imvjh6fsbZ1B8tDk,动力,0,一般
ZPylWN6mJtq73xER,动力,0,一般
k6KDiRX7ZNSMT5cq,动力,0,一般
ZeHdSwvXkxMUFBsl,动力,0,一般
aKEvnRIi9sjpV5OF,动力,0,一般
oGV6CWJsQM3XLacw,动力,0,一般
GtXULc9wDHPn03Wv,动力,0,一般
CKGlT36QPrIi1Vgm,动力,0,一般
bOrtawLljMfyNK37,动力,0,一般
8NX1aUQcJb7w4nHf,动力,0,一般
1fvPaU68LRyBGIjE,动力,0,一般
PidjOceCYJhm0Tpv,动力,0,一般
2eRJECFPTcoNtvBr,动力,0,一般
8XTxs5km0RqZVDcf,动力,0,一般
Yrqzo4aXitwTx7A8,动力,0,一般
nYjsiOvqFL2uydmf,动力,0,一般
c4yJrMVACb6iH2t9,动力,0,一般
S4iz3DlsT7gZ6Ooq,动力,0,一般
eCudFcjE3NyVaYtz,动力,0,一般
TCtMvskX4U53FR6n,价格,0,一般
zKdkoRw4fSJT865W,动力,0,一般
4RpKoDmk1wrHYGIM,动力,0,一般
CHn3flFZqRN2J0DY,动力,0,一般
RduLxnEZ5Hp6rhU3,动力,0,一般
o591G4LvY3uODzCZ,动力,0,一般
ZwDJI2ExNGAMqT6a,价格,0,一般
cYOzKSreBUWy8ZCp,价格,0,一般
eLaUK1R3dhMSW8cp,动力,0,一般
eDxluSgqH0ch9YiO,动力,0,一般
Ofw0eQbLz5W69aXT,动力,0,一般
X7Dmi6pBvyNF5bjH,动力,0,一般
Bhko5WI62HVJGm7C,动力,0,一般
DlyhrFJX45Wq16aE,动力,0,一般
Ns9dpHqrizVLSA68,动力,0,一般
gkO9FGQhnDH3iUKB,动力,0,一般
XjLzFYus5S6icta1,动力,0,一般
V84a0xwl6KoqWBSH,动力,0,一般
Phcq0nFXD3Y21b7d,动力,0,一般
3ya5ghm4wi9xcjTe,价格,0,一般
rRKxz0l5Jqo42GF7,价格,0,一般
Gid8zRPEolk6q5FO,动力,0,一般
lxkDKHi3veIRThdf,动力,0,一般
GuPbV6ogwZMNXyLr,动力,0,一般
c3Cb5atuQJnVgEKL,动力,0,一般
pmNyoGrdC1KhVlIA,价格,0,一般
t4YZpKuxUPTziljS,价格,0,一般
j7FmnNEyAGBHTu51,动力,0,一般
DKLwgMTHfV8xRj4S,动力,0,一般
6AzsD3lBJFKg0tqL,动力,0,一般
lUEiy21aFHVdfK8M,动力,0,一般
4zBtJOUsglWbkduc,动力,0,一般
4MJFjzA0lOP7WLQr,动力,0,一般
CMyhi0xvJV97RXZY,动力,0,一般
FmEnshzT3UoO9tpc,动力,0,一般
e6dLZW1CuoayNDIF,动力,0,一般
O1KpuZhFacmY8AXk,动力,0,一般
A3shCv62UTeX7Vyu,动力,0,一般
AYI8t95ykOVvom7P,动力,0,一般
hTEY0JfISa3i8Qwr,动力,0,一般
UFSVZrG1ldup8ytc,动力,0,一般
uOF5eWQHCSIb0lnX,动力,0,一般
wbtMuQ4noYlU2gSW,动力,0,一般
wkjKsHS6l84xU7cZ,动力,0,一般
vdFBH1tAlp6nYheT,动力,0,一般
kcIlN4O5yfJvtuGa,价格,0,一般
1zkIPQn47Hm2gL3O,价格,0,一般
2w1orQ7IHc9piAuV,价格,0,一般
jS0ZFgm9GuXeN1QV,动力,0,一般
rJbkSWvNsAdq5uY0,动力,0,一般
GVJanbkKzhwZBXMq,动力,0,一般
KNsicY6maflyA2dW,动力,0,一般
Vi7jog3FR9nLsxJc,动力,0,一般
iJDBmlQzdhKw7jYg,动力,0,一般
lYMn2whJSZmqksj3,动力,0,一般
bemz6FHr47lLEXqt,动力,0,一般
avVmnotfUrzwJMGT,动力,0,一般
LjrFIVgQ5TDaWwd8,动力,0,一般
TNyLjrCVD3vkpbZi,动力,0,一般
aI6hN1ovMDLJGBti,动力,0,一般
HcTv3d5k1a2plO6W,动力,0,一般
hz5flpCykL9qiSB8,动力,0,一般
pd5YZ8zr3TGD0BKl,动力,0,一般
cfEFLe80SjMrAmKT,动力,0,一般
AXEGeoVOpmZTDnyj,动力,0,一般
BaQFJU6Njo35PWzs,动力,0,一般
9LUOpIQHgYDm8FJw,动力,0,一般
s8ABFWKpRvLImVib,动力,0,一般
eCRVcP7qzTEwsY6m,价格,0,一般
ZXzQi6UeEIGamhCY,动力,0,一般
o2uk5zlOitwBFyYP,动力,0,一般
5GBLPV2kyCApzocS,动力,0,一般
mwgrVdS0lceuPjH1,动力,0,一般
PLCZmuQ4GRUqAlz5,动力,0,一般
xPCJYDniI6RMH9NA,动力,0,一般
KPM8W6gr9zYblAHZ,动力,0,一般
4vHOx2oj7cmynaG1,动力,0,一般
bDNSy4zjGYL7X8wI,动力,0,一般
rpxlgy8Fkm0ReJqv,动力,0,一般
dysLaH7rFpxUNwTG,动力,0,一般
ACzuk3oYFdBW1iRr,动力,0,一般
8Lg4uaXWwNHTnUhb,动力,0,一般
Asu64fxX7ydmaWQ9,动力,0,一般
Id8iAazTDpMGOv49,动力,0,一般
wBmEAOR0YjlgkWtT,动力,0,一般
jE6k7BXpZLNWl1hQ,动力,0,一般
0BCubTaSJ4V7jGAd,动力,0,一般
23VdWzG4iAgYZtSR,动力,0,一般
1TpwYUG4nbQxhfKk,动力,0,一般
KuUYrzfIatBJyOXp,动力,0,一般
CJ5Y9Waw0RIPmvUK,动力,0,一般
dloSVE124GTviNPL,价格,0,一般
Oeb0NAwXUjsxJDqH,动力,0,一般
7U9GMh8rypb4zvsO,动力,0,一般
DnymwrO7Ga1Qbdth,动力,0,一般
nIMGCSAzfe25WDRm,动力,0,一般
IOyEuQK7rgVZAzbi,动力,0,一般
Wt6bxF4HqgRUzMTZ,动力,0,一般
6mRUdJ7Y1erPAtS8,动力,0,一般
3HqNa5tQLnDRroW6,动力,0,一般
grwNKCJtsY0A6DVG,动力,0,一般
yrAnx9mfHYN0OT6g,动力,0,一般
zfu0NKtCVvXrDeUi,价格,0,一般
HrxIikTQemGdJKAL,动力,0,一般
a8ZDevQHbqX2JiSu,动力,0,一般
6mJSlntYXB28sq9u,动力,0,一般
icEsPJWUnRS01luo,动力,0,一般
gXnx20VphC5mAUb1,动力,0,一般
RaybZnkleEsQvUwC,动力,0,一般
IBzXueCTjWPyiwb9,动力,0,一般
EBh3kYb5eanuLqw7,价格,0,一般
MzQ8whRmWyp0kceZ,动力,0,一般
BmPrwYuL8QVetZjc,动力,0,一般
lwWxuiMO3yPoH1UJ,动力,0,一般
nfOq51SzPjtCZKvQ,动力,0,一般
yI79ofOCdiAenwrz,动力,0,一般
eyXNfkKiglxR6btY,动力,0,一般
Z1quzevkUXF9JplK,动力,0,一般
fdIJSbNeVpoT86PO,动力,0,一般
V5NCqp1jbLtr94BT,动力,0,一般
IftQwD8UO3Cs62jK,动力,0,一般
WsSnOLBp2wqvmxoy,动力,0,一般
6wAv17L0UaybuNfn,动力,0,一般
mF4PUT1vKM8gIAsi,动力,0,一般
CnUEJv94VzMiHjXy,动力,0,一般
RzW5GLurQx0imA2N,动力,0,一般
crjYmfA4kWhaQnMP,动力,0,一般
KMvqAsNXDfUicykQ,动力,0,一般
XFC1h4tuAMQH9pyN,动力,0,一般
foxsAMS3TVwvdiPh,动力,0,一般
JgQA0eZw9zKuySkh,动力,0,一般
wmbdEs1giGzMeoXR,动力,0,一般
0hcGSNLWQne3kuqE,价格,0,一般
blzhHtvQLcxIyfod,动力,0,一般
8T2Z9F6LexqXrIdQ,动力,0,一般
PaAuNd5lobeqXpOh,动力,0,一般
hNsmB8zE1nyaVodp,动力,0,一般
uKylUE0qMehdS4jZ,动力,0,一般
bDqpuTMz2oiR1kvS,动力,0,一般
DuofMgjiE0UvP9Gh,动力,0,一般
zLPXAiHmDMWnrO0c,动力,0,一般
UJeQBwqGfKhWTScr,动力,0,一般
1ku5LiXyCl8rcbSm,动力,0,一般
CXxDunpZgH7N0KyF,动力,0,一般
BaG7VWPc8mUQ4d53,动力,0,一般
FYVHuUQ3Llb2Odtk,动力,0,一般
NHYkCVopElwTO4SL,动力,0,一般
b2NSpzV4tH0qkZFg,动力,0,一般
Hv6EBj8tTAZphROb,价格,0,一般
jN3kMlzEJiRSm6Tr,动力,0,一般
uhpTbDHGwLadQ7nS,动力,0,一般
RnIMpei7agYdKjXs,动力,0,一般
OG8z3WDXMeFRfYnr,价格,0,一般
miG4ZxRoQSlg6KJd,动力,0,一般
uIoTZxQ2fv5AsjUF,动力,0,一般
bQIGj73D4BXPpCdy,价格,0,一般
kQKoDcN2pVsHnRvX,价格,0,一般
PZgilYx2KRnehqOk,价格,0,一般
6cLXpr1xS2AKefTv,价格,0,一般
rTEKoLtW9vp3qVNM,价格,0,一般
ycZd3HgBt5wpGjkK,价格,0,一般
OiMa4ugEcIYNsZ3Q,价格,0,一般
j1rPTY3NROwnxFaf,动力,0,一般
4Zci7QKdEwlLutJV,动力,0,一般
TmrwlJsu8A9zybGV,动力,0,一般
ZidVDX9wnLjWEJGq,动力,0,一般
A2l9McPr6ITYBNsa,动力,0,一般
j2Qx1P8a5wbULihs,动力,0,一般
hIGorWwQTapkS5n6,动力,0,一般
oFl5e7rT9mLqMPnu,动力,0,一般
I1NHXDm8dzvtkfs0,动力,0,一般
K7ci4kEpZ01axWBY,动力,0,一般
7PmnvLBwJSoUxf0G,动力,0,一般
UefN5RLZ1pqguoEj,动力,0,一般
ReGAf51HQagx8Zmi,动力,0,一般
XEQvpHbD7Z6kPVyA,动力,0,一般
OJDLu0ziXPNRT6df,动力,0,一般
foTKrM9SHGp7nuE0,动力,0,一般
SelgL0QrPayBZ18K,动力,0,一般
R8cyfI10m3Xi9tgM,动力,0,一般
FDkmPVcfhGbToNuX,动力,0,一般
bxrpsDYROK5iT1qj,动力,0,一般
b9qcJOVRfPEzUuM2,动力,0,一般
QtszkWi1bKVx9yG2,动力,0,一般
YbZsXMk3PvaVQnLK,动力,0,一般
Ijf1P4FEWUprbgZl,动力,0,一般
FR7zjZJHgqWs3oPc,动力,0,一般
MR3lsLjIOEXeU2AD,动力,0,一般
NGRFH02YfvIpnDZO,动力,0,一般
0jTdQIPg6ZaLp57O,动力,0,一般
4thTeMKoNiIgx65W,动力,0,一般
OQVWijN4lSh0FTey,动力,0,一般
sMi23mko0HIQtY8g,动力,0,一般
nVm3CoQ5pU6yP8uY,动力,0,一般
eE7PXURqbvwxh9GO,动力,0,一般
95yan1o6CpQ2A0Ew,动力,0,一般
9gO4pMXdBi6xD0lW,动力,0,一般
dHaJFoVOD7NmYjTq,动力,0,一般
vu6eVD7EHGRQJULC,动力,0,一般
q9uHxmI2frz8sX1C,动力,0,一般
ZwYtW93KxgOFi8D2,动力,0,一般
Em540HwFUypB8SbK,动力,0,一般
n7YxMp8c9Va2Nfse,动力,0,一般
2BWMN0iP6mO7QhuI,动力,0,一般
3AsFYcJ4OrW8wT7l,动力,0,一般
f9T17GDdFzhbSKk6,动力,0,一般
U3NevhxIRQaXnyLq,动力,0,一般
oepEUuObd6f4v3iR,动力,0,一般
jMB2W7Pdm1epbYNl,动力,0,一般
5DzJlZEOe2VLKpSX,动力,0,一般
af8n9cRIS4Vq0jmH,动力,0,一般
JRAFg3bDo1C67q9h,动力,0,一般
x9GXPl40AZ5TNiBh,动力,0,一般
zs3gC6PE4kfNb9Wt,动力,0,一般
5lgjSRwKCb3D4WTF,动力,0,一般
3qravlupfdIAMznx,动力,0,一般
3Cs9orcTeFh1dN87,动力,0,一般
SOpkMZLy40r1mYCq,动力,0,一般
DYrSPJLoywAdingm,动力,0,一般
WyUb7eGAJuz9Ftpc,动力,0,一般
UAaZtl1ST5kuzoem,动力,0,一般
Q89PBCgxDdeJ5Vfn,动力,0,一般
3m7VUknLa6Ff5rPc,动力,0,一般
LaPs4F8Q9q0Wewp5,动力,0,一般
aB6ythMmUQL4TneC,动力,0,一般
KgoZUjNaQvt6MfTA,动力,0,一般
U58QDMeHWXkfGESg,动力,0,一般
xapJi6lVUC0oH9Py,动力,0,一般
jmBWZfLGlaz2nJUu,动力,0,一般
yfpeWc2ljCkTvN4L,动力,0,一般
clht2VSkB3fFrHze,动力,0,一般
uTmyopKDFQVvC9jt,动力,0,一般
6uYPQjAedRH1wWCy,动力,0,一般
8tU9biECpJdRGhaL,动力,0,一般
lsHg09cr1NChwKp8,动力,0,一般
h7Fx4nQTyPR2z9M6,动力,0,一般
ldRbIBz5vAqsJ4WP,价格,0,一般
4cNTIxAwjOkSB8Vv,动力,0,一般
TiGkVHdRmPgMpb6s,动力,0,一般
8fJTX3LZMqErjg2Y,动力,0,一般
tEQLJfKlMnzOs0mw,动力,0,一般
n8EbUTyJVxpGtWzP,动力,0,一般
yvEOU7I2Z9pbMtNz,动力,0,一般
3GaSHdJUs4wDYfkR,动力,0,一般
WAFiDKqCfuP9xG7a,动力,0,一般
szVrI4Xjv7ibBOPy,动力,0,一般
9vBKy7aEfcG4SJPO,动力,0,一般
HiouAKZ24t58WqFV,动力,0,一般
K8TLE9Fcay03s7xr,动力,0,一般
t8i0ujgRV1ON3Qec,动力,0,一般
KNjsGxYQdD903Rbr,动力,0,一般
iFGrPAzYJoRdkOS8,动力,0,一般
8qg3OP1AtB5Evz9a,动力,0,一般
x2rYTQCbOd0JKA5y,动力,0,一般
8CAMHLk6DfzaGZJ1,动力,0,一般
4vedD3ThESw9KJxN,动力,0,一般
5GPVFrmzW2pqw6xf,动力,0,一般
ZhC07bX9fLwAEerz,动力,0,一般
cIn9fLxBgXV3451Y,动力,0,一般
qTf2jyoJYALC5DZ9,价格,0,一般
jDBJL5h3N6UK0YXV,动力,0,一般
i7AtFZHh60kaGp3T,价格,0,一般
CADf8GVlMn9r6me1,动力,0,一般
7mGsIBJAHFZ0tCz4,动力,0,一般
Fie0kyu1854nQpzA,动力,0,一般
mpAEy9iwRn631sKS,动力,0,一般
1782QoS3I4XrgZba,动力,0,一般
ODEdFk6L4psH9l28,动力,0,一般
5kyiUJ0LTNMVFZfq,动力,0,一般
3sHOQd5VmCz6npUY,动力,0,一般
SVIfiYWeB2yaGCQv,动力,0,一般
pCy0wamSeUnDP9Fr,动力,0,一般
6ru4D9eIzQ1iPkxv,动力,0,一般
4Ist9FJBkGATqYjO,价格,0,一般
A4vmUYQOlCB5p0Mf,动力,0,一般
LT14xdFN5vOce0wI,动力,0,一般
cADZp9bExndsOuWC,动力,0,一般
QjFJXPzDYsV1IRWO,动力,0,一般
Ni0TWvFVRU8XdmtO,动力,0,一般
63RsQ9a0JqXobE4m,动力,0,一般
L5xfDMnaIlWO6Vky,动力,0,一般
J9L6sZFX2fcUBzOS,动力,0,一般
LM7f4OynlJb8HqvY,动力,0,一般
i8mxAKoNVhD7CIg6,动力,0,一般
Unr7RcXmCght2ifD,动力,0,一般
8CZDFqhGmY3HwVz0,动力,0,一般
41nm2EQI9BXljaDk,动力,0,一般
6DWMVcopvEKwU4PJ,动力,0,一般
0gKMWbXrF2qyRTEk,动力,0,一般
ZfLWb4GQDRhgyvow,价格,0,一般
4TErfMzgFCnDRPqe,动力,0,一般
5UPW7gfxl9jTcMuN,动力,0,一般
RWc4PB7gMpnsmUHl,动力,0,一般
7FzGhLUQufMglaAn,动力,0,一般
4tlfWveDHL9wcZ7m,动力,0,一般
HCkprjv6uWRh47sL,动力,0,一般
QYLVlAzboyFTHWuw,动力,0,一般
9hv6gmwl0XbRKArI,动力,0,一般
WYa8Arw7bGLuKnqi,动力,0,一般
RrgVEIYCuW1iNqL4,动力,0,一般
fHSqoTiP2bIrEG8U,动力,0,一般
De6AFcbTKIl4R3Qg,动力,0,一般
nI0YSRiZdC2MEmag,动力,0,一般
dkBrQ8FaUsD50qJ7,价格,0,一般
2YvN9c8p3yrlhIQt,动力,0,一般
9hBGibuUNvjL1Qng,动力,0,一般
8jgDfxBpO45FWl1m,价格,0,一般
BMifCDqjK6JwGTnL,动力,0,一般
SyZ6BOmLAeYc09pf,动力,0,一般
0aUzxbsfLNnljZMS,动力,0,一般
PgCAcDLuVZ41xzod,动力,0,一般
vDUH86p9mfyQP5cA,动力,0,一般
0m3DxdfAIcgnE4kM,动力,0,一般
InuPQK6wX9UtzgCl,动力,0,一般
0euRkBO8AwisjYTJ,动力,0,一般
SRNvlyPi7OM81VQC,动力,0,一般
htC6x7q2Yv14uUFX,动力,0,一般
R3ANbXlwH8z6vWPj,动力,0,一般
RKZmPl1Ny5dDC42o,动力,0,一般
athS4JK0ClzGrYb8,动力,0,一般
6sCNZQ0854b9k2ep,动力,0,一般
nkNvR74fauUP9oSg,动力,0,一般
7HjuWDZzSykeEOIQ,动力,0,一般
6nulXChYs8biaKg7,动力,0,一般
z1Vy3OLYhdZjrW9m,动力,0,一般
FVOZ4U9adMc6gnRb,动力,0,一般
y7ziHVFaYs3vAS5C,动力,0,一般
dWjXp309QZK6sOBt,动力,0,一般
UMeVQhHNRcoYJ8GT,动力,0,一般
qCrxFMylGAKYfR8T,价格,0,一般
NMzl5tR6JQwCb0e1,动力,0,一般
CqSyRtsONd1iG5BJ,动力,0,一般
BGE1XAJ6iCZ9uclf,动力,0,一般
Ce7V3lxzB2mrpL5w,动力,0,一般
o9mCw65vOBq0fYUF,动力,0,一般
iAktfmCUh4aeMrZS,动力,0,一般
oKTmraqO2ltuZ6N0,动力,0,一般
pcK875yafZ0DvE9S,动力,0,一般
6nb4X8DrhGIysL9R,动力,0,一般
nYqDJsS4CEVwAu8x,动力,0,一般
itm5q6I1z8vf7ZMD,动力,0,一般
rEG7UsMicjYIuO0H,动力,0,一般
swWXCztEAlxLfkOI,动力,0,一般
8lrYXUQIg1cFxjd7,价格,0,一般
G5WVJdhNEr71HyBI,动力,0,一般
ytm3xPrzZ4OuXIH1,动力,0,一般
uokFtR1jyIimG9UT,动力,0,一般
hY9A7rn2wlmEF0uo,动力,0,一般
wTJY4NqXUaPSgpWt,动力,0,一般
gDtCHTmXVEUsqiyW,价格,0,一般
0aUM14td75FBNEfl,动力,0,一般
YT5pdexbmOQwG7hR,动力,0,一般
Ct5pUOgmiTQ7o3fL,动力,0,一般
0EkBRAYPsfOTt4z3,动力,0,一般
m1d2uePf9JFGbg8a,动力,0,一般
1qT9KYyC8el7Om4M,动力,0,一般
XbUZeDAdEpMwg7kt,动力,0,一般
Qt0XJqvUN6gOhePZ,动力,0,一般
sNc3FPI4ZnrUgS8G,动力,0,一般
OxkuXFay5GLP1eIh,动力,0,一般
3Zl8sQoSMrOUCyhg,价格,0,一般
EFVfO2leBpH0uzrw,动力,0,一般
DIjbzLMF2vgEsxti,价格,0,一般
j2bY7lqSH3PawNn5,价格,0,一般
4N70AwcexTqDCoJr,动力,0,一般
yGsQJVCBYmMglaUp,动力,0,一般
mouaUxBnX2vHPYsR,动力,0,一般
Zl8IfcmpNrLVAPS4,动力,0,一般
fIHPrW8MzVdC4kwF,动力,0,一般
E5390SuTF2RoQyzt,动力,0,一般
5XznxhYNAGF7WKJD,动力,0,一般
S3Aq4NOhFDspEgZm,动力,0,一般
3qVmrKu1wxJb0X6I,动力,0,一般
vPCDf2OemEGh4jzl,动力,0,一般
trsL1COIpBSWXMex,动力,0,一般
PE5gLlduiYGTzqsn,动力,0,一般
WgtvsofC74wOIYVb,动力,0,一般
H8jYWQ5gMADxtmuh,动力,0,一般
ouMTnWL81gZemPi9,动力,0,一般
7pDJV8ab4NjH3r5e,动力,0,一般
hGPD9vBZgR6zNV4S,动力,0,一般
2jJXvw58LHgT3RBD,动力,0,一般
OCkifpF73WQYjoNI,动力,0,一般
XrQJUSeIVhBib86Z,动力,0,一般
MF2yRZwkDtmozdPS,动力,0,一般
Yu0EUZt54G8fiHOW,动力,0,一般
yLhg5NmjCWat4YFV,动力,0,一般
0GtHsUD3ikzZoX5q,动力,0,一般
S3dNtUixLg2uVkWD,动力,0,一般
xJ1wWtb9TsYkKO5X,动力,0,一般
lr0sCcFamRVfPHn5,动力,0,一般
H6y17JaXzxADtqer,动力,0,一般
DJES3mRatNG7AMwz,动力,0,一般
GdPUZvlCm438WtS5,动力,0,一般
m1rOC6jMweNH2Q9J,价格,0,一般
vP56NeZdJA8jtXmF,动力,0,一般
fQnMrWegYBvTh2Ic,动力,0,一般
xSTt0OV9nYkb6NEa,动力,0,一般
BfWd1cJDFQLNn3gG,动力,0,一般
IoKEnR3JdXu0gG4h,动力,0,一般
4p5xbNDUMLAwvzrY,动力,0,一般
VYJEH3N0ZkGt5Xvy,动力,0,一般
iSp7q8d4eW9honmI,动力,0,一般
WLHp3PYJ9FvOGXE2,动力,0,一般
